timepoint,bw_date,ID,species,colony,coralID,colony_ID,home_reef,transplant_reef,collection_site,transplant_site,transplant,pale or bleached,partial mortality,mortality,months,mort,tod
T0,12/11/17,PSTR 1 10,PSTR,P1,10,NSP1,NS,OS,False Caye,Silk Cayes,OS Transplant,N,N,alive,0,0,NA
T1,3/7/18,PSTR 1 10,PSTR,P1,10,NSP1,NS,OS,False Caye,Silk Cayes,OS Transplant,N,Y,alive,3,0,NA
T2,9/26/18,PSTR 1 10,PSTR,P1,10,NSP1,NS,OS,False Caye,Silk Cayes,OS Transplant,N,N,alive,9,0,NA
T3,5/31/19,PSTR 1 10,PSTR,P1,10,NSP1,NS,OS,False Caye,Silk Cayes,OS Transplant,N,N,alive,17,0,NA
T4,8/10/23,PSTR 1 10,PSTR,P1,10,NSP1,NS,OS,False Caye,Silk Cayes,OS Transplant,N,N,alive,60,0,NA
T0,12/11/17,PSTR 1 11,PSTR,P1,11,NSP1,NS,OS,False Caye,Silk Cayes,OS Transplant,N,N,alive,0,0,60
T1,3/7/18,PSTR 1 11,PSTR,P1,11,NSP1,NS,OS,False Caye,Silk Cayes,OS Transplant,N,N,alive,3,0,60
T2,9/26/18,PSTR 1 11,PSTR,P1,11,NSP1,NS,OS,False Caye,Silk Cayes,OS Transplant,N,N,alive,9,0,60
T3,5/31/19,PSTR 1 11,PSTR,P1,11,NSP1,NS,OS,False Caye,Silk Cayes,OS Transplant,N,N,alive,17,0,60
T4,NA,PSTR 1 11,PSTR,P1,11,NSP1,NS,OS,False Caye,Silk Cayes,OS Transplant,N,N,dead,60,1,60
T0,12/12/17,PSTR 1 16,PSTR,P1,16,OSP1,OS,OS,Silk Cayes,Silk Cayes,OS Native,N,N,alive,0,0,60
T1,3/6/18,PSTR 1 16,PSTR,P1,16,OSP1,OS,OS,Silk Cayes,Silk Cayes,OS Native,N,N,alive,3,0,60
T2,9/26/18,PSTR 1 16,PSTR,P1,16,OSP1,OS,OS,Silk Cayes,Silk Cayes,OS Native,N,N,alive,9,0,60
T3,5/31/19,PSTR 1 16,PSTR,P1,16,OSP1,OS,OS,Silk Cayes,Silk Cayes,OS Native,N,N,alive,17,0,60
T4,NA,PSTR 1 16,PSTR,P1,16,OSP1,OS,OS,Silk Cayes,Silk Cayes,OS Native,N,N,dead,60,1,60
T0,12/12/17,PSTR 1 17,PSTR,P1,17,OSP1,OS,OS,Silk Cayes,Silk Cayes,OS Native,N,N,alive,0,0,NA
T1,3/6/18,PSTR 1 17,PSTR,P1,17,OSP1,OS,OS,Silk Cayes,Silk Cayes,OS Native,N,N,alive,3,0,NA
T2,9/26/18,PSTR 1 17,PSTR,P1,17,OSP1,OS,OS,Silk Cayes,Silk Cayes,OS Native,N,N,alive,9,0,NA
T3,5/31/19,PSTR 1 17,PSTR,P1,17,OSP1,OS,OS,Silk Cayes,Silk Cayes,OS Native,N,N,alive,17,0,NA
T4,8/10/23,PSTR 1 17,PSTR,P1,17,OSP1,OS,OS,Silk Cayes,Silk Cayes,OS Native,N,N,alive,60,0,NA
T0,12/12/17,PSTR 1 18,PSTR,P1,18,OSP1,OS,OS,Silk Cayes,Silk Cayes,OS Native,N,N,alive,0,0,60
T1,3/6/18,PSTR 1 18,PSTR,P1,18,OSP1,OS,OS,Silk Cayes,Silk Cayes,OS Native,N,N,alive,3,0,60
T2,9/26/18,PSTR 1 18,PSTR,P1,18,OSP1,OS,OS,Silk Cayes,Silk Cayes,OS Native,N,N,alive,9,0,60
T3,5/31/19,PSTR 1 18,PSTR,P1,18,OSP1,OS,OS,Silk Cayes,Silk Cayes,OS Native,N,N,alive,17,0,60
T4,NA,PSTR 1 18,PSTR,P1,18,OSP1,OS,OS,Silk Cayes,Silk Cayes,OS Native,N,N,dead,60,1,60
T0,12/12/17,PSTR 1 19,PSTR,P1,19,OSP1,OS,OS,Silk Cayes,Silk Cayes,OS Native,N,N,alive,0,0,NA
T1,3/6/18,PSTR 1 19,PSTR,P1,19,OSP1,OS,OS,Silk Cayes,Silk Cayes,OS Native,N,N,alive,3,0,NA
T2,9/26/18,PSTR 1 19,PSTR,P1,19,OSP1,OS,OS,Silk Cayes,Silk Cayes,OS Native,N,N,alive,9,0,NA
T3,5/31/19,PSTR 1 19,PSTR,P1,19,OSP1,OS,OS,Silk Cayes,Silk Cayes,OS Native,N,N,alive,17,0,NA
T4,8/10/23,PSTR 1 19,PSTR,P1,19,OSP1,OS,OS,Silk Cayes,Silk Cayes,OS Native,N,N,alive,60,0,NA
T0,12/12/17,PSTR 1 22,PSTR,P1,22,OSP1,OS,NS,Silk Cayes,False Caye,NS Transplant,N,N,alive,0,0,60
T1,3/9/18,PSTR 1 22,PSTR,P1,22,OSP1,OS,NS,Silk Cayes,False Caye,NS Transplant,N,N,alive,3,0,60
T2,9/25/18,PSTR 1 22,PSTR,P1,22,OSP1,OS,NS,Silk Cayes,False Caye,NS Transplant,N,Y,alive,9,0,60
T3,5/29/19,PSTR 1 22,PSTR,P1,22,OSP1,OS,NS,Silk Cayes,False Caye,NS Transplant,N,Y,alive,17,0,60
T4,NA,PSTR 1 22,PSTR,P1,22,OSP1,OS,NS,Silk Cayes,False Caye,NS Transplant,N,Y,dead,60,1,60
T0,12/12/17,PSTR 1 23,PSTR,P1,23,OSP1,OS,NS,Silk Cayes,False Caye,NS Transplant,N,N,alive,0,0,60
T1,3/9/18,PSTR 1 23,PSTR,P1,23,OSP1,OS,NS,Silk Cayes,False Caye,NS Transplant,N,N,alive,3,0,60
T2,9/25/18,PSTR 1 23,PSTR,P1,23,OSP1,OS,NS,Silk Cayes,False Caye,NS Transplant,N,N,alive,9,0,60
T3,5/29/19,PSTR 1 23,PSTR,P1,23,OSP1,OS,NS,Silk Cayes,False Caye,NS Transplant,N,N,alive,17,0,60
T4,NA,PSTR 1 23,PSTR,P1,23,OSP1,OS,NS,Silk Cayes,False Caye,NS Transplant,N,N,dead,60,1,60
T0,12/12/17,PSTR 1 24,PSTR,P1,24,OSP1,OS,NS,Silk Cayes,False Caye,NS Transplant,N,N,alive,0,0,60
T1,3/9/18,PSTR 1 24,PSTR,P1,24,OSP1,OS,NS,Silk Cayes,False Caye,NS Transplant,N,N,alive,3,0,60
T2,9/25/18,PSTR 1 24,PSTR,P1,24,OSP1,OS,NS,Silk Cayes,False Caye,NS Transplant,Y,N,alive,9,0,60
T3,5/29/19,PSTR 1 24,PSTR,P1,24,OSP1,OS,NS,Silk Cayes,False Caye,NS Transplant,N,N,alive,17,0,60
T4,NA,PSTR 1 24,PSTR,P1,24,OSP1,OS,NS,Silk Cayes,False Caye,NS Transplant,N,N,dead,60,1,60
T0,12/12/17,PSTR 1 25,PSTR,P1,25,OSP1,OS,NS,Silk Cayes,False Caye,NS Transplant,N,N,alive,0,0,60
T1,3/9/18,PSTR 1 25,PSTR,P1,25,OSP1,OS,NS,Silk Cayes,False Caye,NS Transplant,N,N,alive,3,0,60
T2,9/25/18,PSTR 1 25,PSTR,P1,25,OSP1,OS,NS,Silk Cayes,False Caye,NS Transplant,N,N,alive,9,0,60
T3,5/29/19,PSTR 1 25,PSTR,P1,25,OSP1,OS,NS,Silk Cayes,False Caye,NS Transplant,N,N,alive,17,0,60
T4,NA,PSTR 1 25,PSTR,P1,25,OSP1,OS,NS,Silk Cayes,False Caye,NS Transplant,N,N,dead,60,1,60
T0,12/11/17,PSTR 1 3,PSTR,P1,3,NSP1,NS,NS,False Caye,False Caye,NS Native,N,N,alive,0,0,60
T1,3/8/18,PSTR 1 3,PSTR,P1,3,NSP1,NS,NS,False Caye,False Caye,NS Native,N,N,alive,3,0,60
T2,9/24/18,PSTR 1 3,PSTR,P1,3,NSP1,NS,NS,False Caye,False Caye,NS Native,N,N,alive,9,0,60
T3,5/30/19,PSTR 1 3,PSTR,P1,3,NSP1,NS,NS,False Caye,False Caye,NS Native,N,N,alive,17,0,60
T4,NA,PSTR 1 3,PSTR,P1,3,NSP1,NS,NS,False Caye,False Caye,NS Native,N,N,dead,60,1,60
T0,12/11/17,PSTR 1 4,PSTR,P1,4,NSP1,NS,NS,False Caye,False Caye,NS Native,N,N,alive,0,0,NA
T1,3/8/18,PSTR 1 4,PSTR,P1,4,NSP1,NS,NS,False Caye,False Caye,NS Native,N,N,alive,3,0,NA
T2,9/24/18,PSTR 1 4,PSTR,P1,4,NSP1,NS,NS,False Caye,False Caye,NS Native,N,N,alive,9,0,NA
T3,5/30/19,PSTR 1 4,PSTR,P1,4,NSP1,NS,NS,False Caye,False Caye,NS Native,N,N,alive,17,0,NA
T4,8/8/23,PSTR 1 4,PSTR,P1,4,NSP1,NS,NS,False Caye,False Caye,NS Native,N,N,alive,60,0,NA
T0,12/11/17,PSTR 1 5,PSTR,P1,5,NSP1,NS,NS,False Caye,False Caye,NS Native,N,N,alive,0,0,NA
T1,3/8/18,PSTR 1 5,PSTR,P1,5,NSP1,NS,NS,False Caye,False Caye,NS Native,N,Y,alive,3,0,NA
T2,9/24/18,PSTR 1 5,PSTR,P1,5,NSP1,NS,NS,False Caye,False Caye,NS Native,N,N,alive,9,0,NA
T3,5/30/19,PSTR 1 5,PSTR,P1,5,NSP1,NS,NS,False Caye,False Caye,NS Native,N,N,alive,17,0,NA
T4,8/8/23,PSTR 1 5,PSTR,P1,5,NSP1,NS,NS,False Caye,False Caye,NS Native,N,N,alive,60,0,NA
T0,12/11/17,PSTR 1 6,PSTR,P1,6,NSP1,NS,NS,False Caye,False Caye,NS Native,N,N,alive,0,0,NA
T1,3/8/18,PSTR 1 6,PSTR,P1,6,NSP1,NS,NS,False Caye,False Caye,NS Native,N,N,alive,3,0,NA
T2,9/24/18,PSTR 1 6,PSTR,P1,6,NSP1,NS,NS,False Caye,False Caye,NS Native,N,N,alive,9,0,NA
T3,5/30/19,PSTR 1 6,PSTR,P1,6,NSP1,NS,NS,False Caye,False Caye,NS Native,Y,N,alive,17,0,NA
T4,8/8/23,PSTR 1 6,PSTR,P1,6,NSP1,NS,NS,False Caye,False Caye,NS Native,Y,N,alive,60,0,NA
T0,12/11/17,PSTR 1 7,PSTR,P1,7,NSP1,NS,OS,False Caye,Silk Cayes,OS Transplant,N,N,alive,0,0,60
T1,3/7/18,PSTR 1 7,PSTR,P1,7,NSP1,NS,OS,False Caye,Silk Cayes,OS Transplant,N,N,alive,3,0,60
T2,9/26/18,PSTR 1 7,PSTR,P1,7,NSP1,NS,OS,False Caye,Silk Cayes,OS Transplant,N,N,alive,9,0,60
T3,5/31/19,PSTR 1 7,PSTR,P1,7,NSP1,NS,OS,False Caye,Silk Cayes,OS Transplant,N,N,alive,17,0,60
T4,NA,PSTR 1 7,PSTR,P1,7,NSP1,NS,OS,False Caye,Silk Cayes,OS Transplant,N,N,dead,60,1,60
T0,12/11/17,PSTR 1 9,PSTR,P1,9,NSP1,NS,OS,False Caye,Silk Cayes,OS Transplant,N,N,alive,0,0,60
T1,3/7/18,PSTR 1 9,PSTR,P1,9,NSP1,NS,OS,False Caye,Silk Cayes,OS Transplant,N,N,alive,3,0,60
T2,9/26/18,PSTR 1 9,PSTR,P1,9,NSP1,NS,OS,False Caye,Silk Cayes,OS Transplant,N,N,alive,9,0,60
T3,5/31/19,PSTR 1 9,PSTR,P1,9,NSP1,NS,OS,False Caye,Silk Cayes,OS Transplant,N,N,alive,17,0,60
T4,NA,PSTR 1 9,PSTR,P1,9,NSP1,NS,OS,False Caye,Silk Cayes,OS Transplant,N,N,dead,60,1,60
T0,12/11/17,PSTR 2 10,PSTR,P2,10,NSP2,NS,OS,False Caye,Silk Cayes,OS Transplant,N,N,alive,0,0,60
T1,3/7/18,PSTR 2 10,PSTR,P2,10,NSP2,NS,OS,False Caye,Silk Cayes,OS Transplant,N,N,alive,3,0,60
T2,9/26/18,PSTR 2 10,PSTR,P2,10,NSP2,NS,OS,False Caye,Silk Cayes,OS Transplant,Y,N,alive,9,0,60
T3,5/31/19,PSTR 2 10,PSTR,P2,10,NSP2,NS,OS,False Caye,Silk Cayes,OS Transplant,N,N,alive,17,0,60
T4,NA,PSTR 2 10,PSTR,P2,10,NSP2,NS,OS,False Caye,Silk Cayes,OS Transplant,N,N,dead,60,1,60
T0,12/11/17,PSTR 2 11,PSTR,P2,11,NSP2,NS,OS,False Caye,Silk Cayes,OS Transplant,N,N,alive,0,0,60
T1,3/7/18,PSTR 2 11,PSTR,P2,11,NSP2,NS,OS,False Caye,Silk Cayes,OS Transplant,N,N,alive,3,0,60
T2,9/26/18,PSTR 2 11,PSTR,P2,11,NSP2,NS,OS,False Caye,Silk Cayes,OS Transplant,N,N,alive,9,0,60
T3,5/31/19,PSTR 2 11,PSTR,P2,11,NSP2,NS,OS,False Caye,Silk Cayes,OS Transplant,N,N,alive,17,0,60
T4,NA,PSTR 2 11,PSTR,P2,11,NSP2,NS,OS,False Caye,Silk Cayes,OS Transplant,N,N,dead,60,1,60
T0,12/12/17,PSTR 2 14,PSTR,P2,14,OSP2,OS,OS,Silk Cayes,Silk Cayes,OS Native,N,N,alive,0,0,60
T1,3/6/18,PSTR 2 14,PSTR,P2,14,OSP2,OS,OS,Silk Cayes,Silk Cayes,OS Native,N,N,alive,3,0,60
T2,9/26/18,PSTR 2 14,PSTR,P2,14,OSP2,OS,OS,Silk Cayes,Silk Cayes,OS Native,N,N,alive,9,0,60
T3,5/31/19,PSTR 2 14,PSTR,P2,14,OSP2,OS,OS,Silk Cayes,Silk Cayes,OS Native,N,N,alive,17,0,60
T4,NA,PSTR 2 14,PSTR,P2,14,OSP2,OS,OS,Silk Cayes,Silk Cayes,OS Native,N,N,dead,60,1,60
T0,12/12/17,PSTR 2 15,PSTR,P2,15,OSP2,OS,OS,Silk Cayes,Silk Cayes,OS Native,N,N,alive,0,0,60
T1,3/6/18,PSTR 2 15,PSTR,P2,15,OSP2,OS,OS,Silk Cayes,Silk Cayes,OS Native,N,N,alive,3,0,60
T2,9/26/18,PSTR 2 15,PSTR,P2,15,OSP2,OS,OS,Silk Cayes,Silk Cayes,OS Native,N,N,alive,9,0,60
T3,5/31/19,PSTR 2 15,PSTR,P2,15,OSP2,OS,OS,Silk Cayes,Silk Cayes,OS Native,N,N,alive,17,0,60
T4,NA,PSTR 2 15,PSTR,P2,15,OSP2,OS,OS,Silk Cayes,Silk Cayes,OS Native,N,N,dead,60,1,60
T0,12/12/17,PSTR 2 16,PSTR,P2,16,OSP2,OS,OS,Silk Cayes,Silk Cayes,OS Native,N,N,alive,0,0,60
T1,3/6/18,PSTR 2 16,PSTR,P2,16,OSP2,OS,OS,Silk Cayes,Silk Cayes,OS Native,N,N,alive,3,0,60
T2,9/26/18,PSTR 2 16,PSTR,P2,16,OSP2,OS,OS,Silk Cayes,Silk Cayes,OS Native,N,N,alive,9,0,60
T3,5/31/19,PSTR 2 16,PSTR,P2,16,OSP2,OS,OS,Silk Cayes,Silk Cayes,OS Native,N,N,alive,17,0,60
T4,NA,PSTR 2 16,PSTR,P2,16,OSP2,OS,OS,Silk Cayes,Silk Cayes,OS Native,N,N,dead,60,1,60
T0,12/12/17,PSTR 2 17,PSTR,P2,17,OSP2,OS,OS,Silk Cayes,Silk Cayes,OS Native,N,N,alive,0,0,60
T1,3/6/18,PSTR 2 17,PSTR,P2,17,OSP2,OS,OS,Silk Cayes,Silk Cayes,OS Native,N,N,alive,3,0,60
T2,9/26/18,PSTR 2 17,PSTR,P2,17,OSP2,OS,OS,Silk Cayes,Silk Cayes,OS Native,N,N,alive,9,0,60
T3,5/31/19,PSTR 2 17,PSTR,P2,17,OSP2,OS,OS,Silk Cayes,Silk Cayes,OS Native,N,N,alive,17,0,60
T4,NA,PSTR 2 17,PSTR,P2,17,OSP2,OS,OS,Silk Cayes,Silk Cayes,OS Native,N,N,dead,60,1,60
T0,12/12/17,PSTR 2 18,PSTR,P2,18,OSP2,OS,OS,Silk Cayes,Silk Cayes,OS Native,N,N,alive,0,0,60
T1,3/6/18,PSTR 2 18,PSTR,P2,18,OSP2,OS,OS,Silk Cayes,Silk Cayes,OS Native,N,N,alive,3,0,60
T2,9/26/18,PSTR 2 18,PSTR,P2,18,OSP2,OS,OS,Silk Cayes,Silk Cayes,OS Native,N,N,alive,9,0,60
T3,5/31/19,PSTR 2 18,PSTR,P2,18,OSP2,OS,OS,Silk Cayes,Silk Cayes,OS Native,N,N,alive,17,0,60
T4,NA,PSTR 2 18,PSTR,P2,18,OSP2,OS,OS,Silk Cayes,Silk Cayes,OS Native,N,N,dead,60,1,60
T0,12/12/17,PSTR 2 19,PSTR,P2,19,OSP2,OS,OS,Silk Cayes,Silk Cayes,OS Native,N,N,alive,0,0,60
T1,3/6/18,PSTR 2 19,PSTR,P2,19,OSP2,OS,OS,Silk Cayes,Silk Cayes,OS Native,N,N,alive,3,0,60
T2,9/26/18,PSTR 2 19,PSTR,P2,19,OSP2,OS,OS,Silk Cayes,Silk Cayes,OS Native,N,N,alive,9,0,60
T3,5/31/19,PSTR 2 19,PSTR,P2,19,OSP2,OS,OS,Silk Cayes,Silk Cayes,OS Native,N,N,alive,17,0,60
T4,NA,PSTR 2 19,PSTR,P2,19,OSP2,OS,OS,Silk Cayes,Silk Cayes,OS Native,N,N,dead,60,1,60
T0,12/12/17,PSTR 2 20,PSTR,P2,20,OSP2,OS,NS,Silk Cayes,False Caye,NS Transplant,N,N,alive,0,0,60
T1,3/9/18,PSTR 2 20,PSTR,P2,20,OSP2,OS,NS,Silk Cayes,False Caye,NS Transplant,N,N,alive,3,0,60
T2,9/25/18,PSTR 2 20,PSTR,P2,20,OSP2,OS,NS,Silk Cayes,False Caye,NS Transplant,Y,N,alive,9,0,60
T3,5/29/19,PSTR 2 20,PSTR,P2,20,OSP2,OS,NS,Silk Cayes,False Caye,NS Transplant,Y,Y,alive,17,0,60
T4,NA,PSTR 2 20,PSTR,P2,20,OSP2,OS,NS,Silk Cayes,False Caye,NS Transplant,Y,Y,dead,60,1,60
T0,12/12/17,PSTR 2 21,PSTR,P2,21,OSP2,OS,NS,Silk Cayes,False Caye,NS Transplant,N,N,alive,0,0,60
T1,3/9/18,PSTR 2 21,PSTR,P2,21,OSP2,OS,NS,Silk Cayes,False Caye,NS Transplant,N,N,alive,3,0,60
T2,9/25/18,PSTR 2 21,PSTR,P2,21,OSP2,OS,NS,Silk Cayes,False Caye,NS Transplant,N,N,alive,9,0,60
T3,5/29/19,PSTR 2 21,PSTR,P2,21,OSP2,OS,NS,Silk Cayes,False Caye,NS Transplant,N,N,alive,17,0,60
T4,NA,PSTR 2 21,PSTR,P2,21,OSP2,OS,NS,Silk Cayes,False Caye,NS Transplant,N,N,dead,60,1,60
T0,12/12/17,PSTR 2 22,PSTR,P2,22,OSP2,OS,NS,Silk Cayes,False Caye,NS Transplant,N,N,alive,0,0,60
T1,3/9/18,PSTR 2 22,PSTR,P2,22,OSP2,OS,NS,Silk Cayes,False Caye,NS Transplant,N,N,alive,3,0,60
T2,9/25/18,PSTR 2 22,PSTR,P2,22,OSP2,OS,NS,Silk Cayes,False Caye,NS Transplant,Y,N,alive,9,0,60
T3,5/29/19,PSTR 2 22,PSTR,P2,22,OSP2,OS,NS,Silk Cayes,False Caye,NS Transplant,N,N,alive,17,0,60
T4,NA,PSTR 2 22,PSTR,P2,22,OSP2,OS,NS,Silk Cayes,False Caye,NS Transplant,N,N,dead,60,1,60
T0,12/12/17,PSTR 2 23,PSTR,P2,23,OSP2,OS,NS,Silk Cayes,False Caye,NS Transplant,N,N,alive,0,0,60
T1,3/9/18,PSTR 2 23,PSTR,P2,23,OSP2,OS,NS,Silk Cayes,False Caye,NS Transplant,N,N,alive,3,0,60
T2,9/25/18,PSTR 2 23,PSTR,P2,23,OSP2,OS,NS,Silk Cayes,False Caye,NS Transplant,Y,N,alive,9,0,60
T3,5/29/19,PSTR 2 23,PSTR,P2,23,OSP2,OS,NS,Silk Cayes,False Caye,NS Transplant,Y,N,alive,17,0,60
T4,NA,PSTR 2 23,PSTR,P2,23,OSP2,OS,NS,Silk Cayes,False Caye,NS Transplant,Y,N,dead,60,1,60
T0,12/12/17,PSTR 2 24,PSTR,P2,24,OSP2,OS,NS,Silk Cayes,False Caye,NS Transplant,N,N,alive,0,0,60
T1,3/9/18,PSTR 2 24,PSTR,P2,24,OSP2,OS,NS,Silk Cayes,False Caye,NS Transplant,N,N,alive,3,0,60
T2,9/25/18,PSTR 2 24,PSTR,P2,24,OSP2,OS,NS,Silk Cayes,False Caye,NS Transplant,Y,N,alive,9,0,60
T3,5/29/19,PSTR 2 24,PSTR,P2,24,OSP2,OS,NS,Silk Cayes,False Caye,NS Transplant,Y,N,alive,17,0,60
T4,NA,PSTR 2 24,PSTR,P2,24,OSP2,OS,NS,Silk Cayes,False Caye,NS Transplant,Y,N,dead,60,1,60
T0,12/12/17,PSTR 2 25,PSTR,P2,25,OSP2,OS,NS,Silk Cayes,False Caye,NS Transplant,N,N,alive,0,0,60
T1,3/9/18,PSTR 2 25,PSTR,P2,25,OSP2,OS,NS,Silk Cayes,False Caye,NS Transplant,N,N,alive,3,0,60
T2,9/25/18,PSTR 2 25,PSTR,P2,25,OSP2,OS,NS,Silk Cayes,False Caye,NS Transplant,Y,N,alive,9,0,60
T3,5/29/19,PSTR 2 25,PSTR,P2,25,OSP2,OS,NS,Silk Cayes,False Caye,NS Transplant,Y,N,alive,17,0,60
T4,NA,PSTR 2 25,PSTR,P2,25,OSP2,OS,NS,Silk Cayes,False Caye,NS Transplant,Y,N,dead,60,1,60
T0,12/11/17,PSTR 2 3,PSTR,P2,3,NSP2,NS,NS,False Caye,False Caye,NS Native,N,N,alive,0,0,60
T1,3/8/18,PSTR 2 3,PSTR,P2,3,NSP2,NS,NS,False Caye,False Caye,NS Native,N,N,alive,3,0,60
T2,9/24/18,PSTR 2 3,PSTR,P2,3,NSP2,NS,NS,False Caye,False Caye,NS Native,N,N,alive,9,0,60
T3,5/30/19,PSTR 2 3,PSTR,P2,3,NSP2,NS,NS,False Caye,False Caye,NS Native,N,N,alive,17,0,60
T4,NA,PSTR 2 3,PSTR,P2,3,NSP2,NS,NS,False Caye,False Caye,NS Native,N,N,dead,60,1,60
T0,12/11/17,PSTR 2 4,PSTR,P2,4,NSP2,NS,NS,False Caye,False Caye,NS Native,N,N,alive,0,0,60
T1,3/8/18,PSTR 2 4,PSTR,P2,4,NSP2,NS,NS,False Caye,False Caye,NS Native,N,N,alive,3,0,60
T2,9/24/18,PSTR 2 4,PSTR,P2,4,NSP2,NS,NS,False Caye,False Caye,NS Native,N,N,alive,9,0,60
T3,5/30/19,PSTR 2 4,PSTR,P2,4,NSP2,NS,NS,False Caye,False Caye,NS Native,N,N,alive,17,0,60
T4,NA,PSTR 2 4,PSTR,P2,4,NSP2,NS,NS,False Caye,False Caye,NS Native,N,N,dead,60,1,60
T0,12/11/17,PSTR 2 5,PSTR,P2,5,NSP2,NS,NS,False Caye,False Caye,NS Native,N,N,alive,0,0,NA
T1,3/8/18,PSTR 2 5,PSTR,P2,5,NSP2,NS,NS,False Caye,False Caye,NS Native,N,N,alive,3,0,NA
T2,9/24/18,PSTR 2 5,PSTR,P2,5,NSP2,NS,NS,False Caye,False Caye,NS Native,N,N,alive,9,0,NA
T3,5/30/19,PSTR 2 5,PSTR,P2,5,NSP2,NS,NS,False Caye,False Caye,NS Native,N,N,alive,17,0,NA
T4,8/8/23,PSTR 2 5,PSTR,P2,5,NSP2,NS,NS,False Caye,False Caye,NS Native,N,N,alive,60,0,NA
T0,12/11/17,PSTR 2 6,PSTR,P2,6,NSP2,NS,NS,False Caye,False Caye,NS Native,N,N,alive,0,0,60
T1,3/8/18,PSTR 2 6,PSTR,P2,6,NSP2,NS,NS,False Caye,False Caye,NS Native,N,N,alive,3,0,60
T2,9/24/18,PSTR 2 6,PSTR,P2,6,NSP2,NS,NS,False Caye,False Caye,NS Native,N,N,alive,9,0,60
T3,5/30/19,PSTR 2 6,PSTR,P2,6,NSP2,NS,NS,False Caye,False Caye,NS Native,N,N,alive,17,0,60
T4,NA,PSTR 2 6,PSTR,P2,6,NSP2,NS,NS,False Caye,False Caye,NS Native,N,N,dead,60,1,60
T0,12/11/17,PSTR 2 7,PSTR,P2,7,NSP2,NS,OS,False Caye,Silk Cayes,OS Transplant,N,N,alive,0,0,60
T1,3/7/18,PSTR 2 7,PSTR,P2,7,NSP2,NS,OS,False Caye,Silk Cayes,OS Transplant,N,N,alive,3,0,60
T2,9/26/18,PSTR 2 7,PSTR,P2,7,NSP2,NS,OS,False Caye,Silk Cayes,OS Transplant,N,N,alive,9,0,60
T3,5/31/19,PSTR 2 7,PSTR,P2,7,NSP2,NS,OS,False Caye,Silk Cayes,OS Transplant,N,N,alive,17,0,60
T4,NA,PSTR 2 7,PSTR,P2,7,NSP2,NS,OS,False Caye,Silk Cayes,OS Transplant,N,N,dead,60,1,60
T0,12/11/17,PSTR 2 8,PSTR,P2,8,NSP2,NS,OS,False Caye,Silk Cayes,OS Transplant,N,N,alive,0,0,60
T1,3/7/18,PSTR 2 8,PSTR,P2,8,NSP2,NS,OS,False Caye,Silk Cayes,OS Transplant,N,N,alive,3,0,60
T2,9/26/18,PSTR 2 8,PSTR,P2,8,NSP2,NS,OS,False Caye,Silk Cayes,OS Transplant,Y,N,alive,9,0,60
T3,5/31/19,PSTR 2 8,PSTR,P2,8,NSP2,NS,OS,False Caye,Silk Cayes,OS Transplant,N,N,alive,17,0,60
T4,NA,PSTR 2 8,PSTR,P2,8,NSP2,NS,OS,False Caye,Silk Cayes,OS Transplant,N,N,dead,60,1,60
T0,12/11/17,PSTR 3 10,PSTR,P3,10,NSP3,NS,OS,False Caye,Silk Cayes,OS Transplant,N,N,alive,0,0,60
T1,3/7/18,PSTR 3 10,PSTR,P3,10,NSP3,NS,OS,False Caye,Silk Cayes,OS Transplant,N,Y,alive,3,0,60
T2,9/26/18,PSTR 3 10,PSTR,P3,10,NSP3,NS,OS,False Caye,Silk Cayes,OS Transplant,N,N,alive,9,0,60
T3,5/31/19,PSTR 3 10,PSTR,P3,10,NSP3,NS,OS,False Caye,Silk Cayes,OS Transplant,N,N,alive,17,0,60
T4,NA,PSTR 3 10,PSTR,P3,10,NSP3,NS,OS,False Caye,Silk Cayes,OS Transplant,N,N,dead,60,1,60
T0,12/11/17,PSTR 3 11,PSTR,P3,11,NSP3,NS,OS,False Caye,Silk Cayes,OS Transplant,N,N,alive,0,0,60
T1,3/7/18,PSTR 3 11,PSTR,P3,11,NSP3,NS,OS,False Caye,Silk Cayes,OS Transplant,N,N,alive,3,0,60
T2,9/26/18,PSTR 3 11,PSTR,P3,11,NSP3,NS,OS,False Caye,Silk Cayes,OS Transplant,N,N,alive,9,0,60
T3,5/31/19,PSTR 3 11,PSTR,P3,11,NSP3,NS,OS,False Caye,Silk Cayes,OS Transplant,N,N,alive,17,0,60
T4,NA,PSTR 3 11,PSTR,P3,11,NSP3,NS,OS,False Caye,Silk Cayes,OS Transplant,N,N,dead,60,1,60
T0,12/12/17,PSTR 3 14,PSTR,P3,14,OSP3,OS,OS,Silk Cayes,Silk Cayes,OS Native,N,N,alive,0,0,NA
T1,3/6/18,PSTR 3 14,PSTR,P3,14,OSP3,OS,OS,Silk Cayes,Silk Cayes,OS Native,N,N,alive,3,0,NA
T2,9/26/18,PSTR 3 14,PSTR,P3,14,OSP3,OS,OS,Silk Cayes,Silk Cayes,OS Native,N,Y,alive,9,0,NA
T3,5/31/19,PSTR 3 14,PSTR,P3,14,OSP3,OS,OS,Silk Cayes,Silk Cayes,OS Native,N,N,alive,17,0,NA
T4,8/10/23,PSTR 3 14,PSTR,P3,14,OSP3,OS,OS,Silk Cayes,Silk Cayes,OS Native,N,N,alive,60,0,NA
T0,12/12/17,PSTR 3 15,PSTR,P3,15,OSP3,OS,OS,Silk Cayes,Silk Cayes,OS Native,N,N,alive,0,0,60
T1,3/6/18,PSTR 3 15,PSTR,P3,15,OSP3,OS,OS,Silk Cayes,Silk Cayes,OS Native,N,N,alive,3,0,60
T2,9/26/18,PSTR 3 15,PSTR,P3,15,OSP3,OS,OS,Silk Cayes,Silk Cayes,OS Native,N,Y,alive,9,0,60
T3,5/31/19,PSTR 3 15,PSTR,P3,15,OSP3,OS,OS,Silk Cayes,Silk Cayes,OS Native,N,N,alive,17,0,60
T4,NA,PSTR 3 15,PSTR,P3,15,OSP3,OS,OS,Silk Cayes,Silk Cayes,OS Native,N,N,dead,60,1,60
T0,12/12/17,PSTR 3 16,PSTR,P3,16,OSP3,OS,OS,Silk Cayes,Silk Cayes,OS Native,N,N,alive,0,0,60
T1,3/6/18,PSTR 3 16,PSTR,P3,16,OSP3,OS,OS,Silk Cayes,Silk Cayes,OS Native,N,N,alive,3,0,60
T2,9/26/18,PSTR 3 16,PSTR,P3,16,OSP3,OS,OS,Silk Cayes,Silk Cayes,OS Native,N,N,alive,9,0,60
T3,5/31/19,PSTR 3 16,PSTR,P3,16,OSP3,OS,OS,Silk Cayes,Silk Cayes,OS Native,N,N,alive,17,0,60
T4,NA,PSTR 3 16,PSTR,P3,16,OSP3,OS,OS,Silk Cayes,Silk Cayes,OS Native,N,N,dead,60,1,60
T0,12/12/17,PSTR 3 17,PSTR,P3,17,OSP3,OS,OS,Silk Cayes,Silk Cayes,OS Native,N,N,alive,0,0,60
T1,3/6/18,PSTR 3 17,PSTR,P3,17,OSP3,OS,OS,Silk Cayes,Silk Cayes,OS Native,N,N,alive,3,0,60
T2,9/26/18,PSTR 3 17,PSTR,P3,17,OSP3,OS,OS,Silk Cayes,Silk Cayes,OS Native,N,Y,alive,9,0,60
T3,5/31/19,PSTR 3 17,PSTR,P3,17,OSP3,OS,OS,Silk Cayes,Silk Cayes,OS Native,N,N,alive,17,0,60
T4,NA,PSTR 3 17,PSTR,P3,17,OSP3,OS,OS,Silk Cayes,Silk Cayes,OS Native,N,N,dead,60,1,60
T0,12/12/17,PSTR 3 18,PSTR,P3,18,OSP3,OS,OS,Silk Cayes,Silk Cayes,OS Native,N,N,alive,0,0,NA
T1,3/6/18,PSTR 3 18,PSTR,P3,18,OSP3,OS,OS,Silk Cayes,Silk Cayes,OS Native,N,N,alive,3,0,NA
T2,9/26/18,PSTR 3 18,PSTR,P3,18,OSP3,OS,OS,Silk Cayes,Silk Cayes,OS Native,N,N,alive,9,0,NA
T3,5/31/19,PSTR 3 18,PSTR,P3,18,OSP3,OS,OS,Silk Cayes,Silk Cayes,OS Native,N,N,alive,17,0,NA
T4,8/10/23,PSTR 3 18,PSTR,P3,18,OSP3,OS,OS,Silk Cayes,Silk Cayes,OS Native,N,N,alive,60,0,NA
T0,12/12/17,PSTR 3 19,PSTR,P3,19,OSP3,OS,OS,Silk Cayes,Silk Cayes,OS Native,N,N,alive,0,0,NA
T1,3/6/18,PSTR 3 19,PSTR,P3,19,OSP3,OS,OS,Silk Cayes,Silk Cayes,OS Native,N,N,alive,3,0,NA
T2,9/26/18,PSTR 3 19,PSTR,P3,19,OSP3,OS,OS,Silk Cayes,Silk Cayes,OS Native,N,N,alive,9,0,NA
T3,5/31/19,PSTR 3 19,PSTR,P3,19,OSP3,OS,OS,Silk Cayes,Silk Cayes,OS Native,N,N,alive,17,0,NA
T4,8/10/23,PSTR 3 19,PSTR,P3,19,OSP3,OS,OS,Silk Cayes,Silk Cayes,OS Native,N,N,alive,60,0,NA
T0,12/12/17,PSTR 3 22,PSTR,P3,22,OSP3,OS,NS,Silk Cayes,False Caye,NS Transplant,N,N,alive,0,0,60
T1,3/9/18,PSTR 3 22,PSTR,P3,22,OSP3,OS,NS,Silk Cayes,False Caye,NS Transplant,N,N,alive,3,0,60
T2,9/25/18,PSTR 3 22,PSTR,P3,22,OSP3,OS,NS,Silk Cayes,False Caye,NS Transplant,N,N,alive,9,0,60
T3,5/29/19,PSTR 3 22,PSTR,P3,22,OSP3,OS,NS,Silk Cayes,False Caye,NS Transplant,Y,N,alive,17,0,60
T4,NA,PSTR 3 22,PSTR,P3,22,OSP3,OS,NS,Silk Cayes,False Caye,NS Transplant,Y,N,dead,60,1,60
T0,12/12/17,PSTR 3 23,PSTR,P3,23,OSP3,OS,NS,Silk Cayes,False Caye,NS Transplant,N,N,alive,0,0,60
T1,3/9/18,PSTR 3 23,PSTR,P3,23,OSP3,OS,NS,Silk Cayes,False Caye,NS Transplant,N,N,alive,3,0,60
T2,9/25/18,PSTR 3 23,PSTR,P3,23,OSP3,OS,NS,Silk Cayes,False Caye,NS Transplant,Y,N,alive,9,0,60
T3,5/29/19,PSTR 3 23,PSTR,P3,23,OSP3,OS,NS,Silk Cayes,False Caye,NS Transplant,Y,Y,alive,17,0,60
T4,NA,PSTR 3 23,PSTR,P3,23,OSP3,OS,NS,Silk Cayes,False Caye,NS Transplant,Y,Y,dead,60,1,60
T0,12/12/17,PSTR 3 24,PSTR,P3,24,OSP3,OS,NS,Silk Cayes,False Caye,NS Transplant,N,N,alive,0,0,60
T1,3/9/18,PSTR 3 24,PSTR,P3,24,OSP3,OS,NS,Silk Cayes,False Caye,NS Transplant,N,N,alive,3,0,60
T2,9/25/18,PSTR 3 24,PSTR,P3,24,OSP3,OS,NS,Silk Cayes,False Caye,NS Transplant,N,N,alive,9,0,60
T3,5/29/19,PSTR 3 24,PSTR,P3,24,OSP3,OS,NS,Silk Cayes,False Caye,NS Transplant,Y,N,alive,17,0,60
T4,NA,PSTR 3 24,PSTR,P3,24,OSP3,OS,NS,Silk Cayes,False Caye,NS Transplant,Y,N,dead,60,1,60
T0,12/12/17,PSTR 3 25,PSTR,P3,25,OSP3,OS,NS,Silk Cayes,False Caye,NS Transplant,N,N,alive,0,0,17
T1,3/9/18,PSTR 3 25,PSTR,P3,25,OSP3,OS,NS,Silk Cayes,False Caye,NS Transplant,N,N,alive,3,0,17
T2,9/25/18,PSTR 3 25,PSTR,P3,25,OSP3,OS,NS,Silk Cayes,False Caye,NS Transplant,Y,Y,alive,9,0,17
T3,5/29/19,PSTR 3 25,PSTR,P3,25,OSP3,OS,NS,Silk Cayes,False Caye,NS Transplant,N,N,dead,17,1,17
T4,NA,PSTR 3 25,PSTR,P3,25,OSP3,OS,NS,Silk Cayes,False Caye,NS Transplant,N,N,dead,60,1,17
T0,12/11/17,PSTR 3 3,PSTR,P3,3,NSP3,NS,NS,False Caye,False Caye,NS Native,N,N,alive,0,0,60
T1,3/8/18,PSTR 3 3,PSTR,P3,3,NSP3,NS,NS,False Caye,False Caye,NS Native,N,N,alive,3,0,60
T2,9/24/18,PSTR 3 3,PSTR,P3,3,NSP3,NS,NS,False Caye,False Caye,NS Native,N,N,alive,9,0,60
T3,5/30/19,PSTR 3 3,PSTR,P3,3,NSP3,NS,NS,False Caye,False Caye,NS Native,N,N,alive,17,0,60
T4,NA,PSTR 3 3,PSTR,P3,3,NSP3,NS,NS,False Caye,False Caye,NS Native,N,N,dead,60,1,60
T0,12/11/17,PSTR 3 4,PSTR,P3,4,NSP3,NS,NS,False Caye,False Caye,NS Native,N,N,alive,0,0,NA
T1,3/8/18,PSTR 3 4,PSTR,P3,4,NSP3,NS,NS,False Caye,False Caye,NS Native,N,N,alive,3,0,NA
T2,9/24/18,PSTR 3 4,PSTR,P3,4,NSP3,NS,NS,False Caye,False Caye,NS Native,N,N,alive,9,0,NA
T3,5/30/19,PSTR 3 4,PSTR,P3,4,NSP3,NS,NS,False Caye,False Caye,NS Native,N,N,alive,17,0,NA
T4,8/8/23,PSTR 3 4,PSTR,P3,4,NSP3,NS,NS,False Caye,False Caye,NS Native,N,N,alive,60,0,NA
T0,12/11/17,PSTR 3 5,PSTR,P3,5,NSP3,NS,NS,False Caye,False Caye,NS Native,N,N,alive,0,0,NA
T1,3/8/18,PSTR 3 5,PSTR,P3,5,NSP3,NS,NS,False Caye,False Caye,NS Native,N,N,alive,3,0,NA
T2,9/24/18,PSTR 3 5,PSTR,P3,5,NSP3,NS,NS,False Caye,False Caye,NS Native,N,N,alive,9,0,NA
T3,5/30/19,PSTR 3 5,PSTR,P3,5,NSP3,NS,NS,False Caye,False Caye,NS Native,N,N,alive,17,0,NA
T4,8/8/23,PSTR 3 5,PSTR,P3,5,NSP3,NS,NS,False Caye,False Caye,NS Native,N,N,alive,60,0,NA
T0,12/11/17,PSTR 3 6,PSTR,P3,6,NSP3,NS,NS,False Caye,False Caye,NS Native,N,N,alive,0,0,NA
T1,3/8/18,PSTR 3 6,PSTR,P3,6,NSP3,NS,NS,False Caye,False Caye,NS Native,N,N,alive,3,0,NA
T2,9/24/18,PSTR 3 6,PSTR,P3,6,NSP3,NS,NS,False Caye,False Caye,NS Native,Y,N,alive,9,0,NA
T3,5/30/19,PSTR 3 6,PSTR,P3,6,NSP3,NS,NS,False Caye,False Caye,NS Native,N,N,alive,17,0,NA
T4,8/8/23,PSTR 3 6,PSTR,P3,6,NSP3,NS,NS,False Caye,False Caye,NS Native,N,N,alive,60,0,NA
T0,12/11/17,PSTR 3 8,PSTR,P3,8,NSP3,NS,OS,False Caye,Silk Cayes,OS Transplant,N,N,alive,0,0,60
T1,3/7/18,PSTR 3 8,PSTR,P3,8,NSP3,NS,OS,False Caye,Silk Cayes,OS Transplant,N,Y,alive,3,0,60
T2,9/26/18,PSTR 3 8,PSTR,P3,8,NSP3,NS,OS,False Caye,Silk Cayes,OS Transplant,Y,N,alive,9,0,60
T3,5/31/19,PSTR 3 8,PSTR,P3,8,NSP3,NS,OS,False Caye,Silk Cayes,OS Transplant,N,N,alive,17,0,60
T4,NA,PSTR 3 8,PSTR,P3,8,NSP3,NS,OS,False Caye,Silk Cayes,OS Transplant,N,N,dead,60,1,60
T0,12/11/17,PSTR 3 9,PSTR,P3,9,NSP3,NS,NS,False Caye,Silk Cayes,NS Native,N,N,alive,0,0,60
T1,3/7/18,PSTR 3 9,PSTR,P3,9,NSP3,NS,NS,False Caye,Silk Cayes,OS Transplant,N,N,alive,3,0,60
T2,9/26/18,PSTR 3 9,PSTR,P3,9,NSP3,NS,OS,False Caye,Silk Cayes,OS Transplant,Y,N,alive,9,0,60
T3,5/31/19,PSTR 3 9,PSTR,P3,9,NSP3,NS,OS,False Caye,Silk Cayes,OS Transplant,N,N,alive,17,0,60
T4,NA,PSTR 3 9,PSTR,P3,9,NSP3,NS,OS,False Caye,Silk Cayes,OS Transplant,N,N,dead,60,1,60
T0,12/11/17,PSTR 4 1,PSTR,P4,1,NSP4,NS,NS,False Caye,False Caye,NS Native,N,N,alive,0,0,60
T1,3/8/18,PSTR 4 1,PSTR,P4,1,NSP4,NS,NS,False Caye,False Caye,NS Native,N,N,alive,3,0,60
T2,9/24/18,PSTR 4 1,PSTR,P4,1,NSP4,NS,NS,False Caye,False Caye,NS Native,N,N,alive,9,0,60
T3,5/30/19,PSTR 4 1,PSTR,P4,1,NSP4,NS,NS,False Caye,False Caye,NS Native,N,N,alive,17,0,60
T4,NA,PSTR 4 1,PSTR,P4,1,NSP4,NS,NS,False Caye,False Caye,NS Native,N,N,dead,60,1,60
T0,12/11/17,PSTR 4 10,PSTR,P4,10,NSP4,NS,OS,False Caye,Silk Cayes,OS Transplant,N,N,alive,0,0,60
T1,3/7/18,PSTR 4 10,PSTR,P4,10,NSP4,NS,OS,False Caye,Silk Cayes,OS Transplant,N,N,alive,3,0,60
T2,9/26/18,PSTR 4 10,PSTR,P4,10,NSP4,NS,OS,False Caye,Silk Cayes,OS Transplant,N,N,alive,9,0,60
T3,5/31/19,PSTR 4 10,PSTR,P4,10,NSP4,NS,OS,False Caye,Silk Cayes,OS Transplant,N,N,alive,17,0,60
T4,NA,PSTR 4 10,PSTR,P4,10,NSP4,NS,OS,False Caye,Silk Cayes,OS Transplant,N,N,dead,60,1,60
T0,12/11/17,PSTR 4 11,PSTR,P4,11,NSP4,NS,OS,False Caye,Silk Cayes,OS Transplant,N,N,alive,0,0,60
T1,3/7/18,PSTR 4 11,PSTR,P4,11,NSP4,NS,OS,False Caye,Silk Cayes,OS Transplant,N,N,alive,3,0,60
T2,9/26/18,PSTR 4 11,PSTR,P4,11,NSP4,NS,OS,False Caye,Silk Cayes,OS Transplant,N,N,alive,9,0,60
T3,5/31/19,PSTR 4 11,PSTR,P4,11,NSP4,NS,OS,False Caye,Silk Cayes,OS Transplant,N,N,alive,17,0,60
T4,NA,PSTR 4 11,PSTR,P4,11,NSP4,NS,OS,False Caye,Silk Cayes,OS Transplant,N,N,dead,60,1,60
T0,12/12/17,PSTR 4 16,PSTR,P4,16,OSP4,OS,OS,Silk Cayes,Silk Cayes,OS Native,N,N,alive,0,0,60
T1,3/6/18,PSTR 4 16,PSTR,P4,16,OSP4,OS,OS,Silk Cayes,Silk Cayes,OS Native,N,N,alive,3,0,60
T2,9/26/18,PSTR 4 16,PSTR,P4,16,OSP4,OS,OS,Silk Cayes,Silk Cayes,OS Native,N,N,alive,9,0,60
T3,5/31/19,PSTR 4 16,PSTR,P4,16,OSP4,OS,OS,Silk Cayes,Silk Cayes,OS Native,N,N,alive,17,0,60
T4,NA,PSTR 4 16,PSTR,P4,16,OSP4,OS,OS,Silk Cayes,Silk Cayes,OS Native,N,N,dead,60,1,60
T0,12/12/17,PSTR 4 17,PSTR,P4,17,OSP4,OS,OS,Silk Cayes,Silk Cayes,OS Native,N,N,alive,0,0,60
T1,3/6/18,PSTR 4 17,PSTR,P4,17,OSP4,OS,OS,Silk Cayes,Silk Cayes,OS Native,N,N,alive,3,0,60
T2,9/26/18,PSTR 4 17,PSTR,P4,17,OSP4,OS,OS,Silk Cayes,Silk Cayes,OS Native,Y,N,alive,9,0,60
T3,5/31/19,PSTR 4 17,PSTR,P4,17,OSP4,OS,OS,Silk Cayes,Silk Cayes,OS Native,N,N,alive,17,0,60
T4,NA,PSTR 4 17,PSTR,P4,17,OSP4,OS,OS,Silk Cayes,Silk Cayes,OS Native,N,N,dead,60,1,60
T0,12/12/17,PSTR 4 18,PSTR,P4,18,OSP4,OS,OS,Silk Cayes,Silk Cayes,OS Native,N,N,alive,0,0,60
T1,3/6/18,PSTR 4 18,PSTR,P4,18,OSP4,OS,OS,Silk Cayes,Silk Cayes,OS Native,N,N,alive,3,0,60
T2,9/26/18,PSTR 4 18,PSTR,P4,18,OSP4,OS,OS,Silk Cayes,Silk Cayes,OS Native,N,N,alive,9,0,60
T3,5/31/19,PSTR 4 18,PSTR,P4,18,OSP4,OS,OS,Silk Cayes,Silk Cayes,OS Native,N,N,alive,17,0,60
T4,NA,PSTR 4 18,PSTR,P4,18,OSP4,OS,OS,Silk Cayes,Silk Cayes,OS Native,N,N,dead,60,1,60
T0,12/12/17,PSTR 4 19,PSTR,P4,19,OSP4,OS,OS,Silk Cayes,Silk Cayes,OS Native,N,N,alive,0,0,60
T1,3/6/18,PSTR 4 19,PSTR,P4,19,OSP4,OS,OS,Silk Cayes,Silk Cayes,OS Native,N,N,alive,3,0,60
T2,9/26/18,PSTR 4 19,PSTR,P4,19,OSP4,OS,OS,Silk Cayes,Silk Cayes,OS Native,Y,N,alive,9,0,60
T3,5/31/19,PSTR 4 19,PSTR,P4,19,OSP4,OS,OS,Silk Cayes,Silk Cayes,OS Native,N,N,alive,17,0,60
T4,NA,PSTR 4 19,PSTR,P4,19,OSP4,OS,OS,Silk Cayes,Silk Cayes,OS Native,N,N,dead,60,1,60
T0,12/11/17,PSTR 4 2,PSTR,P4,2,NSP4,NS,NS,False Caye,False Caye,NS Native,N,N,alive,0,0,NA
T1,3/8/18,PSTR 4 2,PSTR,P4,2,NSP4,NS,NS,False Caye,False Caye,NS Native,N,N,alive,3,0,NA
T2,9/24/18,PSTR 4 2,PSTR,P4,2,NSP4,NS,NS,False Caye,False Caye,NS Native,N,N,alive,9,0,NA
T3,5/30/19,PSTR 4 2,PSTR,P4,2,NSP4,NS,NS,False Caye,False Caye,NS Native,N,N,alive,17,0,NA
T4,8/8/23,PSTR 4 2,PSTR,P4,2,NSP4,NS,NS,False Caye,False Caye,NS Native,N,N,alive,60,0,NA
T0,12/12/17,PSTR 4 22,PSTR,P4,22,OSP4,OS,NS,Silk Cayes,False Caye,NS Transplant,N,N,alive,0,0,60
T1,3/9/18,PSTR 4 22,PSTR,P4,22,OSP4,OS,NS,Silk Cayes,False Caye,NS Transplant,N,N,alive,3,0,60
T2,9/25/18,PSTR 4 22,PSTR,P4,22,OSP4,OS,NS,Silk Cayes,False Caye,NS Transplant,N,N,alive,9,0,60
T3,5/29/19,PSTR 4 22,PSTR,P4,22,OSP4,OS,NS,Silk Cayes,False Caye,NS Transplant,N,N,alive,17,0,60
T4,NA,PSTR 4 22,PSTR,P4,22,OSP4,OS,NS,Silk Cayes,False Caye,NS Transplant,N,N,dead,60,1,60
T0,12/12/17,PSTR 4 23,PSTR,P4,23,OSP4,OS,NS,Silk Cayes,False Caye,NS Transplant,N,N,alive,0,0,60
T1,3/9/18,PSTR 4 23,PSTR,P4,23,OSP4,OS,NS,Silk Cayes,False Caye,NS Transplant,N,N,alive,3,0,60
T2,9/25/18,PSTR 4 23,PSTR,P4,23,OSP4,OS,NS,Silk Cayes,False Caye,NS Transplant,N,N,alive,9,0,60
T3,5/29/19,PSTR 4 23,PSTR,P4,23,OSP4,OS,NS,Silk Cayes,False Caye,NS Transplant,N,N,alive,17,0,60
T4,NA,PSTR 4 23,PSTR,P4,23,OSP4,OS,NS,Silk Cayes,False Caye,NS Transplant,N,N,dead,60,1,60
T0,12/12/17,PSTR 4 24,PSTR,P4,24,OSP4,OS,NS,Silk Cayes,False Caye,NS Transplant,N,N,alive,0,0,60
T1,3/9/18,PSTR 4 24,PSTR,P4,24,OSP4,OS,NS,Silk Cayes,False Caye,NS Transplant,N,N,alive,3,0,60
T2,9/25/18,PSTR 4 24,PSTR,P4,24,OSP4,OS,NS,Silk Cayes,False Caye,NS Transplant,N,N,alive,9,0,60
T3,5/29/19,PSTR 4 24,PSTR,P4,24,OSP4,OS,NS,Silk Cayes,False Caye,NS Transplant,N,N,alive,17,0,60
T4,NA,PSTR 4 24,PSTR,P4,24,OSP4,OS,NS,Silk Cayes,False Caye,NS Transplant,N,N,dead,60,1,60
T0,12/11/17,PSTR 4 3,PSTR,P4,3,NSP4,NS,NS,False Caye,False Caye,NS Native,N,N,alive,0,0,NA
T1,3/8/18,PSTR 4 3,PSTR,P4,3,NSP4,NS,NS,False Caye,False Caye,NS Native,N,N,alive,3,0,NA
T2,9/24/18,PSTR 4 3,PSTR,P4,3,NSP4,NS,NS,False Caye,False Caye,NS Native,N,N,alive,9,0,NA
T3,5/30/19,PSTR 4 3,PSTR,P4,3,NSP4,NS,NS,False Caye,False Caye,NS Native,N,N,alive,17,0,NA
T4,8/8/23,PSTR 4 3,PSTR,P4,3,NSP4,NS,NS,False Caye,False Caye,NS Native,N,N,alive,60,0,NA
T0,12/11/17,PSTR 4 4,PSTR,P4,4,NSP4,NS,NS,False Caye,False Caye,NS Native,N,N,alive,0,0,NA
T1,3/8/18,PSTR 4 4,PSTR,P4,4,NSP4,NS,NS,False Caye,False Caye,NS Native,N,N,alive,3,0,NA
T2,9/24/18,PSTR 4 4,PSTR,P4,4,NSP4,NS,NS,False Caye,False Caye,NS Native,N,N,alive,9,0,NA
T3,5/30/19,PSTR 4 4,PSTR,P4,4,NSP4,NS,NS,False Caye,False Caye,NS Native,N,N,alive,17,0,NA
T4,8/8/23,PSTR 4 4,PSTR,P4,4,NSP4,NS,NS,False Caye,False Caye,NS Native,N,N,alive,60,0,NA
T0,12/11/17,PSTR 4 5,PSTR,P4,5,NSP4,NS,NS,False Caye,False Caye,NS Native,N,N,alive,0,0,NA
T1,3/8/18,PSTR 4 5,PSTR,P4,5,NSP4,NS,NS,False Caye,False Caye,NS Native,N,N,alive,3,0,NA
T2,9/24/18,PSTR 4 5,PSTR,P4,5,NSP4,NS,NS,False Caye,False Caye,NS Native,N,N,alive,9,0,NA
T3,5/30/19,PSTR 4 5,PSTR,P4,5,NSP4,NS,NS,False Caye,False Caye,NS Native,N,N,alive,17,0,NA
T4,8/8/23,PSTR 4 5,PSTR,P4,5,NSP4,NS,NS,False Caye,False Caye,NS Native,N,N,alive,60,0,NA
T0,12/11/17,PSTR 4 6,PSTR,P4,6,NSP4,NS,NS,False Caye,False Caye,NS Native,N,N,alive,0,0,60
T1,3/8/18,PSTR 4 6,PSTR,P4,6,NSP4,NS,NS,False Caye,False Caye,NS Native,N,N,alive,3,0,60
T2,9/24/18,PSTR 4 6,PSTR,P4,6,NSP4,NS,NS,False Caye,False Caye,NS Native,N,N,alive,9,0,60
T3,5/30/19,PSTR 4 6,PSTR,P4,6,NSP4,NS,NS,False Caye,False Caye,NS Native,N,N,alive,17,0,60
T4,NA,PSTR 4 6,PSTR,P4,6,NSP4,NS,NS,False Caye,False Caye,NS Native,N,N,dead,60,1,60
T0,12/11/17,PSTR 4 8,PSTR,P4,8,NSP4,NS,OS,False Caye,Silk Cayes,OS Transplant,N,N,alive,0,0,60
T1,3/7/18,PSTR 4 8,PSTR,P4,8,NSP4,NS,OS,False Caye,Silk Cayes,OS Transplant,N,N,alive,3,0,60
T2,9/26/18,PSTR 4 8,PSTR,P4,8,NSP4,NS,OS,False Caye,Silk Cayes,OS Transplant,N,N,alive,9,0,60
T3,5/31/19,PSTR 4 8,PSTR,P4,8,NSP4,NS,OS,False Caye,Silk Cayes,OS Transplant,N,N,alive,17,0,60
T4,NA,PSTR 4 8,PSTR,P4,8,NSP4,NS,OS,False Caye,Silk Cayes,OS Transplant,N,N,dead,60,1,60
T0,12/11/17,PSTR 4 9,PSTR,P4,9,NSP4,NS,OS,False Caye,Silk Cayes,OS Transplant,N,N,alive,0,0,60
T1,3/7/18,PSTR 4 9,PSTR,P4,9,NSP4,NS,OS,False Caye,Silk Cayes,OS Transplant,N,N,alive,3,0,60
T2,9/26/18,PSTR 4 9,PSTR,P4,9,NSP4,NS,OS,False Caye,Silk Cayes,OS Transplant,N,N,alive,9,0,60
T3,5/31/19,PSTR 4 9,PSTR,P4,9,NSP4,NS,OS,False Caye,Silk Cayes,OS Transplant,N,N,alive,17,0,60
T4,NA,PSTR 4 9,PSTR,P4,9,NSP4,NS,OS,False Caye,Silk Cayes,OS Transplant,N,N,dead,60,1,60
T0,12/11/17,PSTR 5 10,PSTR,P5,10,NSP5,NS,OS,False Caye,Silk Cayes,OS Transplant,N,N,alive,0,0,NA
T1,3/7/18,PSTR 5 10,PSTR,P5,10,NSP5,NS,OS,False Caye,Silk Cayes,OS Transplant,N,N,alive,3,0,NA
T2,9/26/18,PSTR 5 10,PSTR,P5,10,NSP5,NS,OS,False Caye,Silk Cayes,OS Transplant,N,N,alive,9,0,NA
T3,5/31/19,PSTR 5 10,PSTR,P5,10,NSP5,NS,OS,False Caye,Silk Cayes,OS Transplant,N,Y,alive,17,0,NA
T4,8/10/23,PSTR 5 10,PSTR,P5,10,NSP5,NS,OS,False Caye,Silk Cayes,OS Transplant,N,Y,alive,60,0,NA
T0,12/11/17,PSTR 5 11,PSTR,P5,11,NSP5,NS,OS,False Caye,Silk Cayes,OS Transplant,N,N,alive,0,0,17
T1,3/7/18,PSTR 5 11,PSTR,P5,11,NSP5,NS,OS,False Caye,Silk Cayes,OS Transplant,N,N,alive,3,0,17
T2,9/26/18,PSTR 5 11,PSTR,P5,11,NSP5,NS,OS,False Caye,Silk Cayes,OS Transplant,N,N,alive,9,0,17
T3,5/31/19,PSTR 5 11,PSTR,P5,11,NSP5,NS,OS,False Caye,Silk Cayes,OS Transplant,N,N,dead,17,1,17
T4,NA,PSTR 5 11,PSTR,P5,11,NSP5,NS,OS,False Caye,Silk Cayes,OS Transplant,N,N,dead,60,1,17
T0,12/11/17,PSTR 5 12,PSTR,P5,12,NSP5,NS,OS,False Caye,Silk Cayes,OS Transplant,N,N,alive,0,0,60
T1,3/7/18,PSTR 5 12,PSTR,P5,12,NSP5,NS,OS,False Caye,Silk Cayes,OS Transplant,N,N,alive,3,0,60
T2,9/26/18,PSTR 5 12,PSTR,P5,12,NSP5,NS,OS,False Caye,Silk Cayes,OS Transplant,N,N,alive,9,0,60
T3,5/31/19,PSTR 5 12,PSTR,P5,12,NSP5,NS,OS,False Caye,Silk Cayes,OS Transplant,N,N,alive,17,0,60
T4,NA,PSTR 5 12,PSTR,P5,12,NSP5,NS,OS,False Caye,Silk Cayes,OS Transplant,N,N,dead,60,1,60
T0,12/12/17,PSTR 5 16,PSTR,P5,16,OSP5,OS,OS,Silk Cayes,Silk Cayes,OS Native,N,N,alive,0,0,60
T1,3/6/18,PSTR 5 16,PSTR,P5,16,OSP5,OS,OS,Silk Cayes,Silk Cayes,OS Native,N,N,alive,3,0,60
T2,9/26/18,PSTR 5 16,PSTR,P5,16,OSP5,OS,OS,Silk Cayes,Silk Cayes,OS Native,N,N,alive,9,0,60
T3,5/31/19,PSTR 5 16,PSTR,P5,16,OSP5,OS,OS,Silk Cayes,Silk Cayes,OS Native,N,N,alive,17,0,60
T4,NA,PSTR 5 16,PSTR,P5,16,OSP5,OS,OS,Silk Cayes,Silk Cayes,OS Native,N,N,dead,60,1,60
T0,12/12/17,PSTR 5 17,PSTR,P5,17,OSP5,OS,OS,Silk Cayes,Silk Cayes,OS Native,N,N,alive,0,0,60
T1,3/6/18,PSTR 5 17,PSTR,P5,17,OSP5,OS,OS,Silk Cayes,Silk Cayes,OS Native,N,N,alive,3,0,60
T2,9/26/18,PSTR 5 17,PSTR,P5,17,OSP5,OS,OS,Silk Cayes,Silk Cayes,OS Native,N,Y,alive,9,0,60
T3,5/31/19,PSTR 5 17,PSTR,P5,17,OSP5,OS,OS,Silk Cayes,Silk Cayes,OS Native,N,N,alive,17,0,60
T4,NA,PSTR 5 17,PSTR,P5,17,OSP5,OS,OS,Silk Cayes,Silk Cayes,OS Native,N,N,dead,60,1,60
T0,12/12/17,PSTR 5 18,PSTR,P5,18,OSP5,OS,OS,Silk Cayes,Silk Cayes,OS Native,N,N,alive,0,0,60
T1,3/6/18,PSTR 5 18,PSTR,P5,18,OSP5,OS,OS,Silk Cayes,Silk Cayes,OS Native,N,N,alive,3,0,60
T2,9/26/18,PSTR 5 18,PSTR,P5,18,OSP5,OS,OS,Silk Cayes,Silk Cayes,OS Native,N,N,alive,9,0,60
T3,5/31/19,PSTR 5 18,PSTR,P5,18,OSP5,OS,OS,Silk Cayes,Silk Cayes,OS Native,N,N,alive,17,0,60
T4,NA,PSTR 5 18,PSTR,P5,18,OSP5,OS,OS,Silk Cayes,Silk Cayes,OS Native,N,N,dead,60,1,60
T0,12/12/17,PSTR 5 19,PSTR,P5,19,OSP5,OS,OS,Silk Cayes,Silk Cayes,OS Native,N,N,alive,0,0,NA
T1,3/6/18,PSTR 5 19,PSTR,P5,19,OSP5,OS,OS,Silk Cayes,Silk Cayes,OS Native,N,N,alive,3,0,NA
T2,9/26/18,PSTR 5 19,PSTR,P5,19,OSP5,OS,OS,Silk Cayes,Silk Cayes,OS Native,N,N,alive,9,0,NA
T3,5/31/19,PSTR 5 19,PSTR,P5,19,OSP5,OS,OS,Silk Cayes,Silk Cayes,OS Native,N,N,alive,17,0,NA
T4,8/10/23,PSTR 5 19,PSTR,P5,19,OSP5,OS,OS,Silk Cayes,Silk Cayes,OS Native,N,N,alive,60,0,NA
T0,12/12/17,PSTR 5 22,PSTR,P5,22,OSP5,OS,NS,Silk Cayes,False Caye,NS Transplant,N,N,alive,0,0,60
T1,3/9/18,PSTR 5 22,PSTR,P5,22,OSP5,OS,NS,Silk Cayes,False Caye,NS Transplant,N,N,alive,3,0,60
T2,9/25/18,PSTR 5 22,PSTR,P5,22,OSP5,OS,NS,Silk Cayes,False Caye,NS Transplant,N,N,alive,9,0,60
T3,5/29/19,PSTR 5 22,PSTR,P5,22,OSP5,OS,NS,Silk Cayes,False Caye,NS Transplant,N,N,alive,17,0,60
T4,NA,PSTR 5 22,PSTR,P5,22,OSP5,OS,NS,Silk Cayes,False Caye,NS Transplant,N,N,dead,60,1,60
T0,12/12/17,PSTR 5 23,PSTR,P5,23,OSP5,OS,NS,Silk Cayes,False Caye,NS Transplant,N,N,alive,0,0,60
T1,3/9/18,PSTR 5 23,PSTR,P5,23,OSP5,OS,NS,Silk Cayes,False Caye,NS Transplant,N,N,alive,3,0,60
T2,9/25/18,PSTR 5 23,PSTR,P5,23,OSP5,OS,NS,Silk Cayes,False Caye,NS Transplant,N,N,alive,9,0,60
T3,5/29/19,PSTR 5 23,PSTR,P5,23,OSP5,OS,NS,Silk Cayes,False Caye,NS Transplant,N,N,alive,17,0,60
T4,NA,PSTR 5 23,PSTR,P5,23,OSP5,OS,NS,Silk Cayes,False Caye,NS Transplant,N,N,dead,60,1,60
T0,12/12/17,PSTR 5 24,PSTR,P5,24,OSP5,OS,NS,Silk Cayes,False Caye,NS Transplant,N,N,alive,0,0,60
T1,3/9/18,PSTR 5 24,PSTR,P5,24,OSP5,OS,NS,Silk Cayes,False Caye,NS Transplant,N,N,alive,3,0,60
T2,9/25/18,PSTR 5 24,PSTR,P5,24,OSP5,OS,NS,Silk Cayes,False Caye,NS Transplant,Y,N,alive,9,0,60
T3,5/29/19,PSTR 5 24,PSTR,P5,24,OSP5,OS,NS,Silk Cayes,False Caye,NS Transplant,N,N,alive,17,0,60
T4,NA,PSTR 5 24,PSTR,P5,24,OSP5,OS,NS,Silk Cayes,False Caye,NS Transplant,N,N,dead,60,1,60
T0,12/12/17,PSTR 5 25,PSTR,P5,25,OSP5,OS,NS,Silk Cayes,False Caye,NS Transplant,N,N,alive,0,0,60
T1,3/9/18,PSTR 5 25,PSTR,P5,25,OSP5,OS,NS,Silk Cayes,False Caye,NS Transplant,N,N,alive,3,0,60
T2,9/25/18,PSTR 5 25,PSTR,P5,25,OSP5,OS,NS,Silk Cayes,False Caye,NS Transplant,N,N,alive,9,0,60
T3,5/29/19,PSTR 5 25,PSTR,P5,25,OSP5,OS,NS,Silk Cayes,False Caye,NS Transplant,N,N,alive,17,0,60
T4,NA,PSTR 5 25,PSTR,P5,25,OSP5,OS,NS,Silk Cayes,False Caye,NS Transplant,N,N,dead,60,1,60
T0,12/11/17,PSTR 5 3,PSTR,P5,3,NSP5,NS,NS,False Caye,False Caye,NS Native,N,N,alive,0,0,60
T1,3/8/18,PSTR 5 3,PSTR,P5,3,NSP5,NS,NS,False Caye,False Caye,NS Native,N,N,alive,3,0,60
T2,9/24/18,PSTR 5 3,PSTR,P5,3,NSP5,NS,NS,False Caye,False Caye,NS Native,N,N,alive,9,0,60
T3,5/30/19,PSTR 5 3,PSTR,P5,3,NSP5,NS,NS,False Caye,False Caye,NS Native,N,N,alive,17,0,60
T4,NA,PSTR 5 3,PSTR,P5,3,NSP5,NS,NS,False Caye,False Caye,NS Native,N,N,dead,60,1,60
T0,12/11/17,PSTR 5 4,PSTR,P5,4,NSP5,NS,NS,False Caye,False Caye,NS Native,N,N,alive,0,0,NA
T1,3/8/18,PSTR 5 4,PSTR,P5,4,NSP5,NS,NS,False Caye,False Caye,NS Native,N,N,alive,3,0,NA
T2,9/24/18,PSTR 5 4,PSTR,P5,4,NSP5,NS,NS,False Caye,False Caye,NS Native,N,N,alive,9,0,NA
T3,5/30/19,PSTR 5 4,PSTR,P5,4,NSP5,NS,NS,False Caye,False Caye,NS Native,N,N,alive,17,0,NA
T4,8/8/23,PSTR 5 4,PSTR,P5,4,NSP5,NS,NS,False Caye,False Caye,NS Native,N,N,alive,60,0,NA
T0,12/11/17,PSTR 5 5,PSTR,P5,5,NSP5,NS,NS,False Caye,False Caye,NS Native,N,N,alive,0,0,NA
T1,3/8/18,PSTR 5 5,PSTR,P5,5,NSP5,NS,NS,False Caye,False Caye,NS Native,N,N,alive,3,0,NA
T2,9/24/18,PSTR 5 5,PSTR,P5,5,NSP5,NS,NS,False Caye,False Caye,NS Native,N,N,alive,9,0,NA
T3,5/30/19,PSTR 5 5,PSTR,P5,5,NSP5,NS,NS,False Caye,False Caye,NS Native,N,N,alive,17,0,NA
T4,8/8/23,PSTR 5 5,PSTR,P5,5,NSP5,NS,NS,False Caye,False Caye,NS Native,N,N,alive,60,0,NA
T0,12/11/17,PSTR 5 6,PSTR,P5,6,NSP5,NS,NS,False Caye,False Caye,NS Native,N,N,alive,0,0,NA
T1,3/8/18,PSTR 5 6,PSTR,P5,6,NSP5,NS,NS,False Caye,False Caye,NS Native,N,N,alive,3,0,NA
T2,9/24/18,PSTR 5 6,PSTR,P5,6,NSP5,NS,NS,False Caye,False Caye,NS Native,N,N,alive,9,0,NA
T3,5/30/19,PSTR 5 6,PSTR,P5,6,NSP5,NS,NS,False Caye,False Caye,NS Native,N,N,alive,17,0,NA
T4,8/8/23,PSTR 5 6,PSTR,P5,6,NSP5,NS,NS,False Caye,False Caye,NS Native,N,N,alive,60,0,NA
T0,12/11/17,PSTR 5 7,PSTR,P5,7,NSP5,NS,OS,False Caye,Silk Cayes,OS Transplant,N,N,alive,0,0,NA
T1,3/7/18,PSTR 5 7,PSTR,P5,7,NSP5,NS,OS,False Caye,Silk Cayes,OS Transplant,N,N,alive,3,0,NA
T2,9/26/18,PSTR 5 7,PSTR,P5,7,NSP5,NS,OS,False Caye,Silk Cayes,OS Transplant,N,N,alive,9,0,NA
T3,5/31/19,PSTR 5 7,PSTR,P5,7,NSP5,NS,OS,False Caye,Silk Cayes,OS Transplant,N,N,alive,17,0,NA
T4,8/10/23,PSTR 5 7,PSTR,P5,7,NSP5,NS,OS,False Caye,Silk Cayes,OS Transplant,N,N,alive,60,0,NA
T0,12/11/17,PSTR 5 8,PSTR,P5,8,NSP5,NS,OS,False Caye,Silk Cayes,OS Transplant,N,N,alive,0,0,60
T1,3/7/18,PSTR 5 8,PSTR,P5,8,NSP5,NS,OS,False Caye,Silk Cayes,OS Transplant,N,N,alive,3,0,60
T2,9/26/18,PSTR 5 8,PSTR,P5,8,NSP5,NS,OS,False Caye,Silk Cayes,OS Transplant,N,N,alive,9,0,60
T3,5/31/19,PSTR 5 8,PSTR,P5,8,NSP5,NS,OS,False Caye,Silk Cayes,OS Transplant,N,N,alive,17,0,60
T4,NA,PSTR 5 8,PSTR,P5,8,NSP5,NS,OS,False Caye,Silk Cayes,OS Transplant,N,N,dead,60,1,60
T0,12/11/17,PSTR 5 9,PSTR,P5,9,NSP5,NS,OS,False Caye,Silk Cayes,OS Transplant,N,N,alive,0,0,17
T1,3/7/18,PSTR 5 9,PSTR,P5,9,NSP5,NS,OS,False Caye,Silk Cayes,OS Transplant,N,N,alive,3,0,17
T2,9/26/18,PSTR 5 9,PSTR,P5,9,NSP5,NS,OS,False Caye,Silk Cayes,OS Transplant,N,N,alive,9,0,17
T3,5/31/19,PSTR 5 9,PSTR,P5,9,NSP5,NS,OS,False Caye,Silk Cayes,OS Transplant,N,N,dead,17,1,17
T4,NA,PSTR 5 9,PSTR,P5,9,NSP5,NS,OS,False Caye,Silk Cayes,OS Transplant,N,N,dead,60,1,17
T0,12/11/17,PSTR 6 1,PSTR,P6,1,NSP6,NS,NS,False Caye,False Caye,NS Native,N,N,alive,0,0,60
T1,3/8/18,PSTR 6 1,PSTR,P6,1,NSP6,NS,NS,False Caye,False Caye,NS Native,N,N,alive,3,0,60
T2,9/24/18,PSTR 6 1,PSTR,P6,1,NSP6,NS,NS,False Caye,False Caye,NS Native,Y,N,alive,9,0,60
T3,5/30/19,PSTR 6 1,PSTR,P6,1,NSP6,NS,NS,False Caye,False Caye,NS Native,N,N,alive,17,0,60
T4,NA,PSTR 6 1,PSTR,P6,1,NSP6,NS,NS,False Caye,False Caye,NS Native,N,N,dead,60,1,60
T0,12/11/17,PSTR 6 10,PSTR,P6,10,NSP6,NS,OS,False Caye,Silk Cayes,OS Transplant,N,N,alive,0,0,60
T1,3/7/18,PSTR 6 10,PSTR,P6,10,NSP6,NS,OS,False Caye,Silk Cayes,OS Transplant,N,N,alive,3,0,60
T2,9/26/18,PSTR 6 10,PSTR,P6,10,NSP6,NS,OS,False Caye,Silk Cayes,OS Transplant,N,N,alive,9,0,60
T3,5/31/19,PSTR 6 10,PSTR,P6,10,NSP6,NS,OS,False Caye,Silk Cayes,OS Transplant,N,N,alive,17,0,60
T4,NA,PSTR 6 10,PSTR,P6,10,NSP6,NS,OS,False Caye,Silk Cayes,OS Transplant,N,N,dead,60,1,60
T0,12/11/17,PSTR 6 11,PSTR,P6,11,NSP6,NS,OS,False Caye,Silk Cayes,OS Transplant,N,N,alive,0,0,60
T1,3/7/18,PSTR 6 11,PSTR,P6,11,NSP6,NS,OS,False Caye,Silk Cayes,OS Transplant,N,N,alive,3,0,60
T2,9/26/18,PSTR 6 11,PSTR,P6,11,NSP6,NS,OS,False Caye,Silk Cayes,OS Transplant,N,N,alive,9,0,60
T3,5/31/19,PSTR 6 11,PSTR,P6,11,NSP6,NS,OS,False Caye,Silk Cayes,OS Transplant,N,Y,alive,17,0,60
T4,NA,PSTR 6 11,PSTR,P6,11,NSP6,NS,OS,False Caye,Silk Cayes,OS Transplant,N,Y,dead,60,1,60
T0,12/12/17,PSTR 6 16,PSTR,P6,16,OSP6,OS,OS,Silk Cayes,Silk Cayes,OS Native,N,N,alive,0,0,60
T1,3/6/18,PSTR 6 16,PSTR,P6,16,OSP6,OS,OS,Silk Cayes,Silk Cayes,OS Native,N,N,alive,3,0,60
T2,9/26/18,PSTR 6 16,PSTR,P6,16,OSP6,OS,OS,Silk Cayes,Silk Cayes,OS Native,N,Y,alive,9,0,60
T3,5/31/19,PSTR 6 16,PSTR,P6,16,OSP6,OS,OS,Silk Cayes,Silk Cayes,OS Native,N,N,alive,17,0,60
T4,NA,PSTR 6 16,PSTR,P6,16,OSP6,OS,OS,Silk Cayes,Silk Cayes,OS Native,N,N,dead,60,1,60
T0,12/12/17,PSTR 6 17,PSTR,P6,17,OSP6,OS,OS,Silk Cayes,Silk Cayes,OS Native,N,N,alive,0,0,60
T1,3/6/18,PSTR 6 17,PSTR,P6,17,OSP6,OS,OS,Silk Cayes,Silk Cayes,OS Native,N,N,alive,3,0,60
T2,9/26/18,PSTR 6 17,PSTR,P6,17,OSP6,OS,OS,Silk Cayes,Silk Cayes,OS Native,Y,N,alive,9,0,60
T3,5/31/19,PSTR 6 17,PSTR,P6,17,OSP6,OS,OS,Silk Cayes,Silk Cayes,OS Native,N,N,alive,17,0,60
T4,NA,PSTR 6 17,PSTR,P6,17,OSP6,OS,OS,Silk Cayes,Silk Cayes,OS Native,N,N,dead,60,1,60
T0,12/12/17,PSTR 6 18,PSTR,P6,18,OSP6,OS,OS,Silk Cayes,Silk Cayes,OS Native,N,N,alive,0,0,60
T1,3/6/18,PSTR 6 18,PSTR,P6,18,OSP6,OS,OS,Silk Cayes,Silk Cayes,OS Native,N,N,alive,3,0,60
T2,9/26/18,PSTR 6 18,PSTR,P6,18,OSP6,OS,OS,Silk Cayes,Silk Cayes,OS Native,N,N,alive,9,0,60
T3,5/31/19,PSTR 6 18,PSTR,P6,18,OSP6,OS,OS,Silk Cayes,Silk Cayes,OS Native,N,N,alive,17,0,60
T4,NA,PSTR 6 18,PSTR,P6,18,OSP6,OS,OS,Silk Cayes,Silk Cayes,OS Native,N,N,dead,60,1,60
T0,12/12/17,PSTR 6 19,PSTR,P6,19,OSP6,OS,OS,Silk Cayes,Silk Cayes,OS Native,N,N,alive,0,0,60
T1,3/6/18,PSTR 6 19,PSTR,P6,19,OSP6,OS,OS,Silk Cayes,Silk Cayes,OS Native,N,N,alive,3,0,60
T2,9/26/18,PSTR 6 19,PSTR,P6,19,OSP6,OS,OS,Silk Cayes,Silk Cayes,OS Native,N,N,alive,9,0,60
T3,5/31/19,PSTR 6 19,PSTR,P6,19,OSP6,OS,OS,Silk Cayes,Silk Cayes,OS Native,N,N,alive,17,0,60
T4,NA,PSTR 6 19,PSTR,P6,19,OSP6,OS,OS,Silk Cayes,Silk Cayes,OS Native,N,N,dead,60,1,60
T0,12/11/17,PSTR 6 2,PSTR,P6,2,NSP6,NS,NS,False Caye,False Caye,NS Native,N,N,alive,0,0,NA
T1,3/8/18,PSTR 6 2,PSTR,P6,2,NSP6,NS,NS,False Caye,False Caye,NS Native,N,N,alive,3,0,NA
T2,9/24/18,PSTR 6 2,PSTR,P6,2,NSP6,NS,NS,False Caye,False Caye,NS Native,N,N,alive,9,0,NA
T0,12/12/17,PSTR 6 20,PSTR,P6,20,OSP6,OS,NS,Silk Cayes,False Caye,NS Transplant,N,N,alive,0,0,NA
T1,3/9/18,PSTR 6 20,PSTR,P6,20,OSP6,OS,NS,Silk Cayes,False Caye,NS Transplant,N,N,alive,3,0,NA
T0,12/12/17,PSTR 6 21,PSTR,P6,21,OSP6,OS,NS,Silk Cayes,False Caye,NS Transplant,N,N,alive,0,0,
T1,3/9/18,PSTR 6 21,PSTR,P6,21,OSP6,OS,NS,Silk Cayes,False Caye,NS Transplant,N,N,alive,3,0,
T2,9/25/18,PSTR 6 21,PSTR,P6,21,OSP6,OS,NS,Silk Cayes,False Caye,NS Transplant,N,N,alive,9,0,
T0,12/12/17,PSTR 6 22,PSTR,P6,22,OSP6,OS,NS,Silk Cayes,False Caye,NS Transplant,N,N,alive,0,0,60
T1,3/9/18,PSTR 6 22,PSTR,P6,22,OSP6,OS,NS,Silk Cayes,False Caye,NS Transplant,N,N,alive,3,0,60
T2,9/25/18,PSTR 6 22,PSTR,P6,22,OSP6,OS,NS,Silk Cayes,False Caye,NS Transplant,N,N,alive,9,0,60
T3,5/29/19,PSTR 6 22,PSTR,P6,22,OSP6,OS,NS,Silk Cayes,False Caye,NS Transplant,N,N,alive,17,0,60
T4,NA,PSTR 6 22,PSTR,P6,22,OSP6,OS,NS,Silk Cayes,False Caye,NS Transplant,N,N,dead,60,1,60
T0,12/12/17,PSTR 6 23,PSTR,P6,23,OSP6,OS,NS,Silk Cayes,False Caye,NS Transplant,N,N,alive,0,0,60
T1,3/9/18,PSTR 6 23,PSTR,P6,23,OSP6,OS,NS,Silk Cayes,False Caye,NS Transplant,N,N,alive,3,0,60
T2,9/25/18,PSTR 6 23,PSTR,P6,23,OSP6,OS,NS,Silk Cayes,False Caye,NS Transplant,N,N,alive,9,0,60
T3,5/29/19,PSTR 6 23,PSTR,P6,23,OSP6,OS,NS,Silk Cayes,False Caye,NS Transplant,N,N,alive,17,0,60
T4,NA,PSTR 6 23,PSTR,P6,23,OSP6,OS,NS,Silk Cayes,False Caye,NS Transplant,N,N,dead,60,1,60
T0,12/12/17,PSTR 6 24,PSTR,P6,24,OSP6,OS,NS,Silk Cayes,False Caye,NS Transplant,N,N,alive,0,0,60
T1,3/9/18,PSTR 6 24,PSTR,P6,24,OSP6,OS,NS,Silk Cayes,False Caye,NS Transplant,N,N,alive,3,0,60
T2,9/25/18,PSTR 6 24,PSTR,P6,24,OSP6,OS,NS,Silk Cayes,False Caye,NS Transplant,N,N,alive,9,0,60
T3,5/29/19,PSTR 6 24,PSTR,P6,24,OSP6,OS,NS,Silk Cayes,False Caye,NS Transplant,N,N,alive,17,0,60
T4,NA,PSTR 6 24,PSTR,P6,24,OSP6,OS,NS,Silk Cayes,False Caye,NS Transplant,N,N,dead,60,1,60
T0,12/12/17,PSTR 6 25,PSTR,P6,25,OSP6,OS,NS,Silk Cayes,False Caye,NS Transplant,N,N,alive,0,0,NA
T1,3/9/18,PSTR 6 25,PSTR,P6,25,OSP6,OS,NS,Silk Cayes,False Caye,NS Transplant,N,N,alive,3,0,NA
T2,9/25/18,PSTR 6 25,PSTR,P6,25,OSP6,OS,NS,Silk Cayes,False Caye,NS Transplant,N,N,alive,9,0,NA
T3,5/29/19,PSTR 6 25,PSTR,P6,25,OSP6,OS,NS,Silk Cayes,False Caye,NS Transplant,N,N,alive,17,0,NA
T4,8/8/23,PSTR 6 25,PSTR,P6,25,OSP6,OS,NS,Silk Cayes,False Caye,NS Transplant,N,N,alive,60,0,NA
T0,12/11/17,PSTR 6 3,PSTR,P6,3,NSP6,NS,NS,False Caye,False Caye,NS Native,N,N,alive,0,0,60
T1,3/8/18,PSTR 6 3,PSTR,P6,3,NSP6,NS,NS,False Caye,False Caye,NS Native,N,N,alive,3,0,60
T2,9/24/18,PSTR 6 3,PSTR,P6,3,NSP6,NS,NS,False Caye,False Caye,NS Native,Y,N,alive,9,0,60
T3,5/30/19,PSTR 6 3,PSTR,P6,3,NSP6,NS,NS,False Caye,False Caye,NS Native,N,N,alive,17,0,60
T4,NA,PSTR 6 3,PSTR,P6,3,NSP6,NS,NS,False Caye,False Caye,NS Native,N,N,dead,60,1,60
T0,12/11/17,PSTR 6 4,PSTR,P6,4,NSP6,NS,NS,False Caye,False Caye,NS Native,N,N,alive,0,0,NA
T1,3/8/18,PSTR 6 4,PSTR,P6,4,NSP6,NS,NS,False Caye,False Caye,NS Native,N,N,alive,3,0,NA
T2,9/24/18,PSTR 6 4,PSTR,P6,4,NSP6,NS,NS,False Caye,False Caye,NS Native,N,N,alive,9,0,NA
T3,5/30/19,PSTR 6 4,PSTR,P6,4,NSP6,NS,NS,False Caye,False Caye,NS Native,N,N,alive,17,0,NA
T4,8/8/23,PSTR 6 4,PSTR,P6,4,NSP6,NS,NS,False Caye,False Caye,NS Native,N,N,alive,60,0,NA
T0,12/11/17,PSTR 6 5,PSTR,P6,5,NSP6,NS,NS,False Caye,False Caye,NS Native,N,N,alive,0,0,NA
T1,3/8/18,PSTR 6 5,PSTR,P6,5,NSP6,NS,NS,False Caye,False Caye,NS Native,N,N,alive,3,0,NA
T2,9/24/18,PSTR 6 5,PSTR,P6,5,NSP6,NS,NS,False Caye,False Caye,NS Native,N,N,alive,9,0,NA
T3,5/30/19,PSTR 6 5,PSTR,P6,5,NSP6,NS,NS,False Caye,False Caye,NS Native,N,N,alive,17,0,NA
T4,8/8/23,PSTR 6 5,PSTR,P6,5,NSP6,NS,NS,False Caye,False Caye,NS Native,N,N,alive,60,0,NA
T0,12/11/17,PSTR 6 6,PSTR,P6,6,NSP6,NS,NS,False Caye,False Caye,NS Native,N,N,alive,0,0,NA
T1,3/8/18,PSTR 6 6,PSTR,P6,6,NSP6,NS,NS,False Caye,False Caye,NS Native,N,N,alive,3,0,NA
T2,9/24/18,PSTR 6 6,PSTR,P6,6,NSP6,NS,NS,False Caye,False Caye,NS Native,N,N,alive,9,0,NA
T3,5/30/19,PSTR 6 6,PSTR,P6,6,NSP6,NS,NS,False Caye,False Caye,NS Native,N,N,alive,17,0,NA
T4,8/8/23,PSTR 6 6,PSTR,P6,6,NSP6,NS,NS,False Caye,False Caye,NS Native,N,N,alive,60,0,NA
T0,12/11/17,PSTR 6 8,PSTR,P6,8,NSP6,NS,OS,False Caye,Silk Cayes,OS Transplant,N,N,alive,0,0,NA
T1,3/7/18,PSTR 6 8,PSTR,P6,8,NSP6,NS,OS,False Caye,Silk Cayes,OS Transplant,N,N,alive,3,0,NA
T2,9/26/18,PSTR 6 8,PSTR,P6,8,NSP6,NS,OS,False Caye,Silk Cayes,OS Transplant,N,N,alive,9,0,NA
T3,5/31/19,PSTR 6 8,PSTR,P6,8,NSP6,NS,OS,False Caye,Silk Cayes,OS Transplant,N,Y,alive,17,0,NA
T4,8/10/23,PSTR 6 8,PSTR,P6,8,NSP6,NS,OS,False Caye,Silk Cayes,OS Transplant,N,Y,alive,60,0,NA
T0,12/11/17,PSTR 6 9,PSTR,P6,9,NSP6,NS,OS,False Caye,Silk Cayes,OS Transplant,N,N,alive,0,0,60
T1,3/7/18,PSTR 6 9,PSTR,P6,9,NSP6,NS,OS,False Caye,Silk Cayes,OS Transplant,N,N,alive,3,0,60
T2,9/26/18,PSTR 6 9,PSTR,P6,9,NSP6,NS,OS,False Caye,Silk Cayes,OS Transplant,N,N,alive,9,0,60
T3,5/31/19,PSTR 6 9,PSTR,P6,9,NSP6,NS,OS,False Caye,Silk Cayes,OS Transplant,N,N,alive,17,0,60
T4,NA,PSTR 6 9,PSTR,P6,9,NSP6,NS,OS,False Caye,Silk Cayes,OS Transplant,N,N,dead,60,1,60
T0,12/10/17,SSID 1 10,SSID,S1,10,NSS1,NS,OS,False Caye,Silk Cayes,OS Transplant,N,N,alive,0,0,9
T1,3/7/18,SSID 1 10,SSID,S1,10,NSS1,NS,OS,False Caye,Silk Cayes,OS Transplant,Y,Y,alive,3,0,9
T2,9/26/18,SSID 1 10,SSID,S1,10,NSS1,NS,OS,False Caye,Silk Cayes,OS Transplant,N,N,dead,9,1,9
T3,,SSID 1 10,SSID,S1,10,NSS1,NS,OS,False Caye,Silk Cayes,OS Transplant,N,N,dead,17,1,9
T4,NA,SSID 1 10,SSID,S1,10,NSS1,NS,OS,False Caye,Silk Cayes,OS Transplant,N,N,dead,60,1,9
T0,12/10/17,SSID 1 11,SSID,S1,11,NSS1,NS,OS,False Caye,Silk Cayes,OS Transplant,N,N,alive,0,0,17
T1,3/7/18,SSID 1 11,SSID,S1,11,NSS1,NS,OS,False Caye,Silk Cayes,OS Transplant,N,N,alive,3,0,17
T2,9/26/18,SSID 1 11,SSID,S1,11,NSS1,NS,OS,False Caye,Silk Cayes,OS Transplant,N,Y,alive,9,0,17
T3,,SSID 1 11,SSID,S1,11,NSS1,NS,OS,False Caye,Silk Cayes,OS Transplant,N,N,dead,17,1,17
T4,NA,SSID 1 11,SSID,S1,11,NSS1,NS,OS,False Caye,Silk Cayes,OS Transplant,N,N,dead,60,1,17
T0,12/13/17,SSID 1 16,SSID,S1,16,OSS1,OS,OS,Silk Cayes,Silk Cayes,OS Native,N,N,alive,0,0,60
T1,3/6/18,SSID 1 16,SSID,S1,16,OSS1,OS,OS,Silk Cayes,Silk Cayes,OS Native,Y,N,alive,3,0,60
T2,9/26/18,SSID 1 16,SSID,S1,16,OSS1,OS,OS,Silk Cayes,Silk Cayes,OS Native,N,N,alive,9,0,60
T3,5/31/19,SSID 1 16,SSID,S1,16,OSS1,OS,OS,Silk Cayes,Silk Cayes,OS Native,N,N,alive,17,0,60
T4,NA,SSID 1 16,SSID,S1,16,OSS1,OS,OS,Silk Cayes,Silk Cayes,OS Native,N,N,dead,60,1,60
T0,12/13/17,SSID 1 17,SSID,S1,17,OSS1,OS,OS,Silk Cayes,Silk Cayes,OS Native,N,N,alive,0,0,NA
T1,3/6/18,SSID 1 17,SSID,S1,17,OSS1,OS,OS,Silk Cayes,Silk Cayes,OS Native,Y,Y,alive,3,0,NA
T2,9/26/18,SSID 1 17,SSID,S1,17,OSS1,OS,OS,Silk Cayes,Silk Cayes,OS Native,N,N,alive,9,0,NA
T3,5/31/19,SSID 1 17,SSID,S1,17,OSS1,OS,OS,Silk Cayes,Silk Cayes,OS Native,N,N,alive,17,0,NA
T4,8/10/23,SSID 1 17,SSID,S1,17,OSS1,OS,OS,Silk Cayes,Silk Cayes,OS Native,N,N,alive,60,0,NA
T0,12/13/17,SSID 1 18,SSID,S1,18,OSS1,OS,OS,Silk Cayes,Silk Cayes,OS Native,N,N,alive,0,0,NA
T1,3/6/18,SSID 1 18,SSID,S1,18,OSS1,OS,OS,Silk Cayes,Silk Cayes,OS Native,Y,N,alive,3,0,NA
T2,9/26/18,SSID 1 18,SSID,S1,18,OSS1,OS,OS,Silk Cayes,Silk Cayes,OS Native,Y,N,alive,9,0,NA
T3,5/31/19,SSID 1 18,SSID,S1,18,OSS1,OS,OS,Silk Cayes,Silk Cayes,OS Native,Y,N,alive,17,0,NA
T4,8/10/23,SSID 1 18,SSID,S1,18,OSS1,OS,OS,Silk Cayes,Silk Cayes,OS Native,Y,N,alive,60,0,NA
T0,12/13/17,SSID 1 19,SSID,S1,19,OSS1,OS,OS,Silk Cayes,Silk Cayes,OS Native,N,N,alive,0,0,NA
T1,3/6/18,SSID 1 19,SSID,S1,19,OSS1,OS,OS,Silk Cayes,Silk Cayes,OS Native,Y,N,alive,3,0,NA
T2,9/26/18,SSID 1 19,SSID,S1,19,OSS1,OS,OS,Silk Cayes,Silk Cayes,OS Native,N,N,alive,9,0,NA
T3,5/31/19,SSID 1 19,SSID,S1,19,OSS1,OS,OS,Silk Cayes,Silk Cayes,OS Native,N,N,alive,17,0,NA
T4,8/10/23,SSID 1 19,SSID,S1,19,OSS1,OS,OS,Silk Cayes,Silk Cayes,OS Native,N,N,alive,60,0,NA
T0,12/13/17,SSID 1 22,SSID,S1,22,OSS1,OS,NS,Silk Cayes,False Caye,NS Transplant,N,N,alive,0,0,60
T1,3/9/18,SSID 1 22,SSID,S1,22,OSS1,OS,NS,Silk Cayes,False Caye,NS Transplant,N,N,alive,3,0,60
T2,9/25/18,SSID 1 22,SSID,S1,22,OSS1,OS,NS,Silk Cayes,False Caye,NS Transplant,N,N,alive,9,0,60
T3,5/29/19,SSID 1 22,SSID,S1,22,OSS1,OS,NS,Silk Cayes,False Caye,NS Transplant,N,N,alive,17,0,60
T4,NA,SSID 1 22,SSID,S1,22,OSS1,OS,NS,Silk Cayes,False Caye,NS Transplant,N,N,dead,60,1,60
T0,12/13/17,SSID 1 23,SSID,S1,23,OSS1,OS,NS,Silk Cayes,False Caye,NS Transplant,N,N,alive,0,0,NA
T1,3/9/18,SSID 1 23,SSID,S1,23,OSS1,OS,NS,Silk Cayes,False Caye,NS Transplant,N,N,alive,3,0,NA
T2,9/25/18,SSID 1 23,SSID,S1,23,OSS1,OS,NS,Silk Cayes,False Caye,NS Transplant,N,N,alive,9,0,NA
T3,5/29/19,SSID 1 23,SSID,S1,23,OSS1,OS,NS,Silk Cayes,False Caye,NS Transplant,N,N,alive,17,0,NA
T4,8/8/23,SSID 1 23,SSID,S1,23,OSS1,OS,NS,Silk Cayes,False Caye,NS Transplant,N,N,alive,60,0,NA
T0,12/13/17,SSID 1 24,SSID,S1,24,OSS1,OS,NS,Silk Cayes,False Caye,NS Transplant,N,N,alive,0,0,60
T1,3/9/18,SSID 1 24,SSID,S1,24,OSS1,OS,NS,Silk Cayes,False Caye,NS Transplant,N,N,alive,3,0,60
T2,9/25/18,SSID 1 24,SSID,S1,24,OSS1,OS,NS,Silk Cayes,False Caye,NS Transplant,Y,N,alive,9,0,60
T3,5/29/19,SSID 1 24,SSID,S1,24,OSS1,OS,NS,Silk Cayes,False Caye,NS Transplant,N,N,alive,17,0,60
T4,NA,SSID 1 24,SSID,S1,24,OSS1,OS,NS,Silk Cayes,False Caye,NS Transplant,N,N,dead,60,1,60
T0,12/13/17,SSID 1 25,SSID,S1,25,OSS1,OS,NS,Silk Cayes,False Caye,NS Transplant,N,N,alive,0,0,NA
T1,3/9/18,SSID 1 25,SSID,S1,25,OSS1,OS,NS,Silk Cayes,False Caye,NS Transplant,N,N,alive,3,0,NA
T2,9/25/18,SSID 1 25,SSID,S1,25,OSS1,OS,NS,Silk Cayes,False Caye,NS Transplant,N,N,alive,9,0,NA
T3,5/29/19,SSID 1 25,SSID,S1,25,OSS1,OS,NS,Silk Cayes,False Caye,NS Transplant,N,N,alive,17,0,NA
T4,8/8/23,SSID 1 25,SSID,S1,25,OSS1,OS,NS,Silk Cayes,False Caye,NS Transplant,N,N,alive,60,0,NA
T0,12/10/17,SSID 1 3,SSID,S1,3,NSS1,NS,NS,False Caye,False Caye,NS Native,N,N,alive,0,0,60
T1,3/8/18,SSID 1 3,SSID,S1,3,NSS1,NS,NS,False Caye,False Caye,NS Native,N,N,alive,3,0,60
T2,9/24/18,SSID 1 3,SSID,S1,3,NSS1,NS,NS,False Caye,False Caye,NS Native,N,N,alive,9,0,60
T3,5/30/19,SSID 1 3,SSID,S1,3,NSS1,NS,NS,False Caye,False Caye,NS Native,N,N,alive,17,0,60
T4,NA,SSID 1 3,SSID,S1,3,NSS1,NS,NS,False Caye,False Caye,NS Native,N,N,dead,60,1,60
T0,12/10/17,SSID 1 4,SSID,S1,4,NSS1,NS,NS,False Caye,False Caye,NS Native,N,N,alive,0,0,NA
T1,3/8/18,SSID 1 4,SSID,S1,4,NSS1,NS,NS,False Caye,False Caye,NS Native,N,N,alive,3,0,NA
T2,9/24/18,SSID 1 4,SSID,S1,4,NSS1,NS,NS,False Caye,False Caye,NS Native,N,N,alive,9,0,NA
T3,5/30/19,SSID 1 4,SSID,S1,4,NSS1,NS,NS,False Caye,False Caye,NS Native,N,N,alive,17,0,NA
T4,8/7/23,SSID 1 4,SSID,S1,4,NSS1,NS,NS,False Caye,False Caye,NS Native,N,N,alive,60,0,NA
T0,12/10/17,SSID 1 5,SSID,S1,5,NSS1,NS,NS,False Caye,False Caye,NS Native,N,N,alive,0,0,NA
T1,3/8/18,SSID 1 5,SSID,S1,5,NSS1,NS,NS,False Caye,False Caye,NS Native,N,N,alive,3,0,NA
T2,9/24/18,SSID 1 5,SSID,S1,5,NSS1,NS,NS,False Caye,False Caye,NS Native,N,N,alive,9,0,NA
T3,5/30/19,SSID 1 5,SSID,S1,5,NSS1,NS,NS,False Caye,False Caye,NS Native,N,Y,alive,17,0,NA
T4,8/7/23,SSID 1 5,SSID,S1,5,NSS1,NS,NS,False Caye,False Caye,NS Native,N,Y,alive,60,0,NA
T0,12/10/17,SSID 1 6,SSID,S1,6,NSS1,NS,NS,False Caye,False Caye,NS Native,N,N,alive,0,0,60
T1,3/8/18,SSID 1 6,SSID,S1,6,NSS1,NS,NS,False Caye,False Caye,NS Native,N,N,alive,3,0,60
T2,9/24/18,SSID 1 6,SSID,S1,6,NSS1,NS,NS,False Caye,False Caye,NS Native,N,N,alive,9,0,60
T3,5/30/19,SSID 1 6,SSID,S1,6,NSS1,NS,NS,False Caye,False Caye,NS Native,N,N,alive,17,0,60
T4,NA,SSID 1 6,SSID,S1,6,NSS1,NS,NS,False Caye,False Caye,NS Native,N,N,dead,60,1,60
T0,12/10/17,SSID 1 7,SSID,S1,7,NSS1,NS,OS,False Caye,Silk Cayes,OS Transplant,N,N,alive,0,0,60
T1,3/7/18,SSID 1 7,SSID,S1,7,NSS1,NS,OS,False Caye,Silk Cayes,OS Transplant,Y,Y,alive,3,0,60
T2,9/26/18,SSID 1 7,SSID,S1,7,NSS1,NS,OS,False Caye,Silk Cayes,OS Transplant,N,Y,alive,9,0,60
T3,5/31/19,SSID 1 7,SSID,S1,7,NSS1,NS,OS,False Caye,Silk Cayes,OS Transplant,N,Y,alive,17,0,60
T4,NA,SSID 1 7,SSID,S1,7,NSS1,NS,OS,False Caye,Silk Cayes,OS Transplant,N,Y,dead,60,1,60
T0,12/10/17,SSID 1 8,SSID,S1,8,NSS1,NS,OS,False Caye,Silk Cayes,OS Transplant,N,N,alive,0,0,3
T1,3/7/18,SSID 1 8,SSID,S1,8,NSS1,NS,OS,False Caye,Silk Cayes,OS Transplant,N,N,dead,3,1,3
T2,9/26/18,SSID 1 8,SSID,S1,8,NSS1,NS,OS,False Caye,Silk Cayes,OS Transplant,N,N,dead,9,1,3
T3,5/31/19,SSID 1 8,SSID,S1,8,NSS1,NS,OS,False Caye,Silk Cayes,OS Transplant,N,N,dead,17,1,3
T4,NA,SSID 1 8,SSID,S1,8,NSS1,NS,OS,False Caye,Silk Cayes,OS Transplant,N,N,dead,60,1,3
T0,12/10/17,SSID 1 9,SSID,S1,9,NSS1,NS,OS,False Caye,Silk Cayes,OS Transplant,N,N,alive,0,0,17
T1,3/7/18,SSID 1 9,SSID,S1,9,NSS1,NS,OS,False Caye,Silk Cayes,OS Transplant,Y,Y,alive,3,0,17
T2,9/26/18,SSID 1 9,SSID,S1,9,NSS1,NS,OS,False Caye,Silk Cayes,OS Transplant,N,Y,alive,9,0,17
T3,,SSID 1 9,SSID,S1,9,NSS1,NS,OS,False Caye,Silk Cayes,OS Transplant,N,N,dead,17,1,17
T4,NA,SSID 1 9,SSID,S1,9,NSS1,NS,OS,False Caye,Silk Cayes,OS Transplant,N,N,dead,60,1,17
T0,12/10/17,SSID 2 10,SSID,S2,10,NSS2,NS,OS,False Caye,Silk Cayes,OS Transplant,N,N,alive,0,0,9
T1,3/7/18,SSID 2 10,SSID,S2,10,NSS2,NS,OS,False Caye,Silk Cayes,OS Transplant,N,Y,alive,3,0,9
T2,9/26/18,SSID 2 10,SSID,S2,10,NSS2,NS,OS,False Caye,Silk Cayes,OS Transplant,N,N,dead,9,1,9
T3,5/31/19,SSID 2 10,SSID,S2,10,NSS2,NS,OS,False Caye,Silk Cayes,OS Transplant,N,N,dead,17,1,9
T4,NA,SSID 2 10,SSID,S2,10,NSS2,NS,OS,False Caye,Silk Cayes,OS Transplant,N,N,dead,60,1,9
T0,12/10/17,SSID 2 11,SSID,S2,11,NSS2,NS,OS,False Caye,Silk Cayes,OS Transplant,N,N,alive,0,0,60
T1,3/7/18,SSID 2 11,SSID,S2,11,NSS2,NS,OS,False Caye,Silk Cayes,OS Transplant,N,N,alive,3,0,60
T2,9/26/18,SSID 2 11,SSID,S2,11,NSS2,NS,OS,False Caye,Silk Cayes,OS Transplant,N,Y,alive,9,0,60
T3,5/31/19,SSID 2 11,SSID,S2,11,NSS2,NS,OS,False Caye,Silk Cayes,OS Transplant,N,Y,alive,17,0,60
T4,NA,SSID 2 11,SSID,S2,11,NSS2,NS,OS,False Caye,Silk Cayes,OS Transplant,N,Y,dead,60,1,60
T0,12/13/17,SSID 2 16,SSID,S2,16,OSS2,OS,OS,Silk Cayes,Silk Cayes,OS Native,N,N,alive,0,0,60
T1,3/6/18,SSID 2 16,SSID,S2,16,OSS2,OS,OS,Silk Cayes,Silk Cayes,OS Native,Y,N,alive,3,0,60
T2,9/26/18,SSID 2 16,SSID,S2,16,OSS2,OS,OS,Silk Cayes,Silk Cayes,OS Native,N,N,alive,9,0,60
T3,5/31/19,SSID 2 16,SSID,S2,16,OSS2,OS,OS,Silk Cayes,Silk Cayes,OS Native,N,N,alive,17,0,60
T4,NA,SSID 2 16,SSID,S2,16,OSS2,OS,OS,Silk Cayes,Silk Cayes,OS Native,N,N,dead,60,1,60
T0,12/13/17,SSID 2 17,SSID,S2,17,OSS2,OS,OS,Silk Cayes,Silk Cayes,OS Native,N,N,alive,0,0,60
T1,3/6/18,SSID 2 17,SSID,S2,17,OSS2,OS,OS,Silk Cayes,Silk Cayes,OS Native,N,N,alive,3,0,60
T2,9/26/18,SSID 2 17,SSID,S2,17,OSS2,OS,OS,Silk Cayes,Silk Cayes,OS Native,N,N,alive,9,0,60
T3,5/31/19,SSID 2 17,SSID,S2,17,OSS2,OS,OS,Silk Cayes,Silk Cayes,OS Native,N,N,alive,17,0,60
T4,NA,SSID 2 17,SSID,S2,17,OSS2,OS,OS,Silk Cayes,Silk Cayes,OS Native,N,N,dead,60,1,60
T0,12/13/17,SSID 2 18,SSID,S2,18,OSS2,OS,OS,Silk Cayes,Silk Cayes,OS Native,N,N,alive,0,0,60
T1,3/6/18,SSID 2 18,SSID,S2,18,OSS2,OS,OS,Silk Cayes,Silk Cayes,OS Native,Y,N,alive,3,0,60
T2,9/26/18,SSID 2 18,SSID,S2,18,OSS2,OS,OS,Silk Cayes,Silk Cayes,OS Native,N,N,alive,9,0,60
T3,5/31/19,SSID 2 18,SSID,S2,18,OSS2,OS,OS,Silk Cayes,Silk Cayes,OS Native,N,Y,alive,17,0,60
T4,NA,SSID 2 18,SSID,S2,18,OSS2,OS,OS,Silk Cayes,Silk Cayes,OS Native,N,Y,dead,60,1,60
T0,12/13/17,SSID 2 19,SSID,S2,19,OSS2,OS,OS,Silk Cayes,Silk Cayes,OS Native,N,N,alive,0,0,60
T1,3/6/18,SSID 2 19,SSID,S2,19,OSS2,OS,OS,Silk Cayes,Silk Cayes,OS Native,N,N,alive,3,0,60
T2,9/26/18,SSID 2 19,SSID,S2,19,OSS2,OS,OS,Silk Cayes,Silk Cayes,OS Native,N,N,alive,9,0,60
T3,5/31/19,SSID 2 19,SSID,S2,19,OSS2,OS,OS,Silk Cayes,Silk Cayes,OS Native,N,N,alive,17,0,60
T4,NA,SSID 2 19,SSID,S2,19,OSS2,OS,OS,Silk Cayes,Silk Cayes,OS Native,N,N,dead,60,1,60
T0,12/13/17,SSID 2 20,SSID,S2,20,OSS2,OS,NS,Silk Cayes,False Caye,NS Transplant,N,N,alive,0,0,60
T1,3/9/18,SSID 2 20,SSID,S2,20,OSS2,OS,NS,Silk Cayes,False Caye,NS Transplant,N,N,alive,3,0,60
T2,9/25/18,SSID 2 20,SSID,S2,20,OSS2,OS,NS,Silk Cayes,False Caye,NS Transplant,Y,N,alive,9,0,60
T3,5/29/19,SSID 2 20,SSID,S2,20,OSS2,OS,NS,Silk Cayes,False Caye,NS Transplant,Y,N,alive,17,0,60
T4,NA,SSID 2 20,SSID,S2,20,OSS2,OS,NS,Silk Cayes,False Caye,NS Transplant,Y,N,dead,60,1,60
T0,12/13/17,SSID 2 21,SSID,S2,21,OSS2,OS,NS,Silk Cayes,False Caye,NS Transplant,N,N,alive,0,0,60
T1,3/9/18,SSID 2 21,SSID,S2,21,OSS2,OS,NS,Silk Cayes,False Caye,NS Transplant,Y,N,alive,3,0,60
T2,9/25/18,SSID 2 21,SSID,S2,21,OSS2,OS,NS,Silk Cayes,False Caye,NS Transplant,Y,N,alive,9,0,60
T3,5/29/19,SSID 2 21,SSID,S2,21,OSS2,OS,NS,Silk Cayes,False Caye,NS Transplant,N,N,alive,17,0,60
T4,NA,SSID 2 21,SSID,S2,21,OSS2,OS,NS,Silk Cayes,False Caye,NS Transplant,N,N,dead,60,1,60
T0,12/13/17,SSID 2 22,SSID,S2,22,OSS2,OS,NS,Silk Cayes,False Caye,NS Transplant,N,N,alive,0,0,60
T1,3/9/18,SSID 2 22,SSID,S2,22,OSS2,OS,NS,Silk Cayes,False Caye,NS Transplant,N,N,alive,3,0,60
T2,9/25/18,SSID 2 22,SSID,S2,22,OSS2,OS,NS,Silk Cayes,False Caye,NS Transplant,N,N,alive,9,0,60
T3,5/29/19,SSID 2 22,SSID,S2,22,OSS2,OS,NS,Silk Cayes,False Caye,NS Transplant,N,N,alive,17,0,60
T4,NA,SSID 2 22,SSID,S2,22,OSS2,OS,NS,Silk Cayes,False Caye,NS Transplant,N,N,dead,60,1,60
T0,12/13/17,SSID 2 23,SSID,S2,23,OSS2,OS,NS,Silk Cayes,False Caye,NS Transplant,N,N,alive,0,0,60
T1,3/9/18,SSID 2 23,SSID,S2,23,OSS2,OS,NS,Silk Cayes,False Caye,NS Transplant,Y,N,alive,3,0,60
T2,9/25/18,SSID 2 23,SSID,S2,23,OSS2,OS,NS,Silk Cayes,False Caye,NS Transplant,Y,N,alive,9,0,60
T3,5/29/19,SSID 2 23,SSID,S2,23,OSS2,OS,NS,Silk Cayes,False Caye,NS Transplant,N,N,alive,17,0,60
T4,NA,SSID 2 23,SSID,S2,23,OSS2,OS,NS,Silk Cayes,False Caye,NS Transplant,N,N,dead,60,1,60
T0,12/13/17,SSID 2 24,SSID,S2,24,OSS2,OS,NS,Silk Cayes,False Caye,NS Transplant,N,N,alive,0,0,60
T1,3/9/18,SSID 2 24,SSID,S2,24,OSS2,OS,NS,Silk Cayes,False Caye,NS Transplant,Y,N,alive,3,0,60
T2,9/25/18,SSID 2 24,SSID,S2,24,OSS2,OS,NS,Silk Cayes,False Caye,NS Transplant,Y,N,alive,9,0,60
T3,5/29/19,SSID 2 24,SSID,S2,24,OSS2,OS,NS,Silk Cayes,False Caye,NS Transplant,N,N,alive,17,0,60
T4,NA,SSID 2 24,SSID,S2,24,OSS2,OS,NS,Silk Cayes,False Caye,NS Transplant,N,N,dead,60,1,60
T0,12/13/17,SSID 2 25,SSID,S2,25,OSS2,OS,NS,Silk Cayes,False Caye,NS Transplant,N,N,alive,0,0,60
T1,3/9/18,SSID 2 25,SSID,S2,25,OSS2,OS,NS,Silk Cayes,False Caye,NS Transplant,Y,N,alive,3,0,60
T2,9/25/18,SSID 2 25,SSID,S2,25,OSS2,OS,NS,Silk Cayes,False Caye,NS Transplant,Y,N,alive,9,0,60
T3,5/29/19,SSID 2 25,SSID,S2,25,OSS2,OS,NS,Silk Cayes,False Caye,NS Transplant,N,N,alive,17,0,60
T4,NA,SSID 2 25,SSID,S2,25,OSS2,OS,NS,Silk Cayes,False Caye,NS Transplant,N,N,dead,60,1,60
T0,12/10/17,SSID 2 3,SSID,S2,3,NSS2,NS,NS,False Caye,False Caye,NS Native,N,N,alive,0,0,60
T1,3/8/18,SSID 2 3,SSID,S2,3,NSS2,NS,NS,False Caye,False Caye,NS Native,N,N,alive,3,0,60
T2,9/24/18,SSID 2 3,SSID,S2,3,NSS2,NS,NS,False Caye,False Caye,NS Native,N,N,alive,9,0,60
T3,5/30/19,SSID 2 3,SSID,S2,3,NSS2,NS,NS,False Caye,False Caye,NS Native,N,N,alive,17,0,60
T4,NA,SSID 2 3,SSID,S2,3,NSS2,NS,NS,False Caye,False Caye,NS Native,N,N,dead,60,1,60
T0,12/10/17,SSID 2 4,SSID,S2,4,NSS2,NS,NS,False Caye,False Caye,NS Native,N,N,alive,0,0,NA
T1,3/8/18,SSID 2 4,SSID,S2,4,NSS2,NS,NS,False Caye,False Caye,NS Native,N,N,alive,3,0,NA
T2,9/24/18,SSID 2 4,SSID,S2,4,NSS2,NS,NS,False Caye,False Caye,NS Native,N,N,alive,9,0,NA
T3,5/30/19,SSID 2 4,SSID,S2,4,NSS2,NS,NS,False Caye,False Caye,NS Native,Y,Y,alive,17,0,NA
T4,8/7/23,SSID 2 4,SSID,S2,4,NSS2,NS,NS,False Caye,False Caye,NS Native,Y,Y,alive,60,0,NA
T0,12/10/17,SSID 2 5,SSID,S2,5,NSS2,NS,NS,False Caye,False Caye,NS Native,N,N,alive,0,0,60
T1,3/8/18,SSID 2 5,SSID,S2,5,NSS2,NS,NS,False Caye,False Caye,NS Native,N,N,alive,3,0,60
T2,9/24/18,SSID 2 5,SSID,S2,5,NSS2,NS,NS,False Caye,False Caye,NS Native,N,N,alive,9,0,60
T3,5/30/19,SSID 2 5,SSID,S2,5,NSS2,NS,NS,False Caye,False Caye,NS Native,N,N,alive,17,0,60
T4,NA,SSID 2 5,SSID,S2,5,NSS2,NS,NS,False Caye,False Caye,NS Native,N,N,dead,60,1,60
T0,12/10/17,SSID 2 6,SSID,S2,6,NSS2,NS,NS,False Caye,False Caye,NS Native,N,N,alive,0,0,60
T1,3/8/18,SSID 2 6,SSID,S2,6,NSS2,NS,NS,False Caye,False Caye,NS Native,N,N,alive,3,0,60
T2,9/24/18,SSID 2 6,SSID,S2,6,NSS2,NS,NS,False Caye,False Caye,NS Native,N,N,alive,9,0,60
T3,5/30/19,SSID 2 6,SSID,S2,6,NSS2,NS,NS,False Caye,False Caye,NS Native,Y,Y,alive,17,0,60
T4,NA,SSID 2 6,SSID,S2,6,NSS2,NS,NS,False Caye,False Caye,NS Native,Y,Y,dead,60,1,60
T0,12/10/17,SSID 2 7,SSID,S2,7,NSS2,NS,OS,False Caye,Silk Cayes,OS Transplant,N,N,alive,0,0,60
T1,3/7/18,SSID 2 7,SSID,S2,7,NSS2,NS,OS,False Caye,Silk Cayes,OS Transplant,Y,Y,alive,3,0,60
T2,9/26/18,SSID 2 7,SSID,S2,7,NSS2,NS,OS,False Caye,Silk Cayes,OS Transplant,Y,Y,alive,9,0,60
T3,5/31/19,SSID 2 7,SSID,S2,7,NSS2,NS,OS,False Caye,Silk Cayes,OS Transplant,N,Y,alive,17,0,60
T4,NA,SSID 2 7,SSID,S2,7,NSS2,NS,OS,False Caye,Silk Cayes,OS Transplant,N,Y,dead,60,1,60
T0,12/10/17,SSID 2 8,SSID,S2,8,NSS2,NS,OS,False Caye,Silk Cayes,OS Transplant,N,N,alive,0,0,60
T1,3/7/18,SSID 2 8,SSID,S2,8,NSS2,NS,OS,False Caye,Silk Cayes,OS Transplant,N,N,alive,3,0,60
T2,9/26/18,SSID 2 8,SSID,S2,8,NSS2,NS,OS,False Caye,Silk Cayes,OS Transplant,N,N,alive,9,0,60
T3,5/31/19,SSID 2 8,SSID,S2,8,NSS2,NS,OS,False Caye,Silk Cayes,OS Transplant,N,N,alive,17,0,60
T4,NA,SSID 2 8,SSID,S2,8,NSS2,NS,OS,False Caye,Silk Cayes,OS Transplant,N,N,dead,60,1,60
T0,12/10/17,SSID 2 9,SSID,S2,9,NSS2,NS,OS,False Caye,Silk Cayes,OS Transplant,N,N,alive,0,0,60
T1,3/7/18,SSID 2 9,SSID,S2,9,NSS2,NS,OS,False Caye,Silk Cayes,OS Transplant,N,N,alive,3,0,60
T2,9/26/18,SSID 2 9,SSID,S2,9,NSS2,NS,OS,False Caye,Silk Cayes,OS Transplant,N,Y,alive,9,0,60
T3,5/31/19,SSID 2 9,SSID,S2,9,NSS2,NS,OS,False Caye,Silk Cayes,OS Transplant,N,Y,alive,17,0,60
T4,NA,SSID 2 9,SSID,S2,9,NSS2,NS,OS,False Caye,Silk Cayes,OS Transplant,N,Y,dead,60,1,60
T0,12/10/17,SSID 3 10,SSID,S3,10,NSS3,NS,OS,False Caye,Silk Cayes,OS Transplant,N,N,alive,0,0,9
T1,3/7/18,SSID 3 10,SSID,S3,10,NSS3,NS,OS,False Caye,Silk Cayes,OS Transplant,Y,N,alive,3,0,9
T2,9/26/18,SSID 3 10,SSID,S3,10,NSS3,NS,OS,False Caye,Silk Cayes,OS Transplant,N,N,missing,9,1,9
T3,,SSID 3 10,SSID,S3,10,NSS3,NS,OS,False Caye,Silk Cayes,OS Transplant,N,N,dead,17,1,9
T4,NA,SSID 3 10,SSID,S3,10,NSS3,NS,OS,False Caye,Silk Cayes,OS Transplant,N,N,dead,60,1,9
T0,12/10/17,SSID 3 11,SSID,S3,11,NSS3,NS,OS,False Caye,Silk Cayes,OS Transplant,N,N,alive,0,0,17
T1,3/7/18,SSID 3 11,SSID,S3,11,NSS3,NS,OS,False Caye,Silk Cayes,OS Transplant,N,N,alive,3,0,17
T2,9/26/18,SSID 3 11,SSID,S3,11,NSS3,NS,OS,False Caye,Silk Cayes,OS Transplant,N,Y,alive,9,0,17
T3,,SSID 3 11,SSID,S3,11,NSS3,NS,OS,False Caye,Silk Cayes,OS Transplant,N,N,dead,17,1,17
T4,NA,SSID 3 11,SSID,S3,11,NSS3,NS,OS,False Caye,Silk Cayes,OS Transplant,N,N,dead,60,1,17
T0,12/13/17,SSID 3 16,SSID,S3,16,OSS3,OS,OS,Silk Cayes,Silk Cayes,OS Native,N,N,alive,0,0,60
T1,3/6/18,SSID 3 16,SSID,S3,16,OSS3,OS,OS,Silk Cayes,Silk Cayes,OS Native,Y,N,alive,3,0,60
T2,9/26/18,SSID 3 16,SSID,S3,16,OSS3,OS,OS,Silk Cayes,Silk Cayes,OS Native,N,N,alive,9,0,60
T3,5/31/19,SSID 3 16,SSID,S3,16,OSS3,OS,OS,Silk Cayes,Silk Cayes,OS Native,N,N,alive,17,0,60
T4,NA,SSID 3 16,SSID,S3,16,OSS3,OS,OS,Silk Cayes,Silk Cayes,OS Native,N,N,dead,60,1,60
T0,12/13/17,SSID 3 17,SSID,S3,17,OSS3,OS,OS,Silk Cayes,Silk Cayes,OS Native,N,N,alive,0,0,60
T1,3/6/18,SSID 3 17,SSID,S3,17,OSS3,OS,OS,Silk Cayes,Silk Cayes,OS Native,N,Y,alive,3,0,60
T2,9/26/18,SSID 3 17,SSID,S3,17,OSS3,OS,OS,Silk Cayes,Silk Cayes,OS Native,N,N,alive,9,0,60
T3,5/31/19,SSID 3 17,SSID,S3,17,OSS3,OS,OS,Silk Cayes,Silk Cayes,OS Native,N,N,alive,17,0,60
T4,NA,SSID 3 17,SSID,S3,17,OSS3,OS,OS,Silk Cayes,Silk Cayes,OS Native,N,N,dead,60,1,60
T0,12/13/17,SSID 3 18,SSID,S3,18,OSS3,OS,OS,Silk Cayes,Silk Cayes,OS Native,N,N,alive,0,0,60
T1,3/6/18,SSID 3 18,SSID,S3,18,OSS3,OS,OS,Silk Cayes,Silk Cayes,OS Native,Y,N,alive,3,0,60
T2,9/26/18,SSID 3 18,SSID,S3,18,OSS3,OS,OS,Silk Cayes,Silk Cayes,OS Native,N,N,alive,9,0,60
T3,5/31/19,SSID 3 18,SSID,S3,18,OSS3,OS,OS,Silk Cayes,Silk Cayes,OS Native,N,N,alive,17,0,60
T4,NA,SSID 3 18,SSID,S3,18,OSS3,OS,OS,Silk Cayes,Silk Cayes,OS Native,N,N,dead,60,1,60
T0,12/13/17,SSID 3 19,SSID,S3,19,OSS3,OS,OS,Silk Cayes,Silk Cayes,OS Native,N,N,alive,0,0,60
T1,3/6/18,SSID 3 19,SSID,S3,19,OSS3,OS,OS,Silk Cayes,Silk Cayes,OS Native,Y,N,alive,3,0,60
T2,9/26/18,SSID 3 19,SSID,S3,19,OSS3,OS,OS,Silk Cayes,Silk Cayes,OS Native,Y,N,alive,9,0,60
T3,5/31/19,SSID 3 19,SSID,S3,19,OSS3,OS,OS,Silk Cayes,Silk Cayes,OS Native,Y,N,alive,17,0,60
T4,NA,SSID 3 19,SSID,S3,19,OSS3,OS,OS,Silk Cayes,Silk Cayes,OS Native,Y,N,dead,60,1,60
T0,12/13/17,SSID 3 22,SSID,S3,22,OSS3,OS,NS,Silk Cayes,False Caye,NS Transplant,N,N,alive,0,0,60
T1,3/9/18,SSID 3 22,SSID,S3,22,OSS3,OS,NS,Silk Cayes,False Caye,NS Transplant,N,N,alive,3,0,60
T2,9/25/18,SSID 3 22,SSID,S3,22,OSS3,OS,NS,Silk Cayes,False Caye,NS Transplant,Y,Y,alive,9,0,60
T3,5/29/19,SSID 3 22,SSID,S3,22,OSS3,OS,NS,Silk Cayes,False Caye,NS Transplant,N,N,alive,17,0,60
T4,NA,SSID 3 22,SSID,S3,22,OSS3,OS,NS,Silk Cayes,False Caye,NS Transplant,N,N,dead,60,1,60
T0,12/13/17,SSID 3 23,SSID,S3,23,OSS3,OS,NS,Silk Cayes,False Caye,NS Transplant,N,N,alive,0,0,60
T1,3/9/18,SSID 3 23,SSID,S3,23,OSS3,OS,NS,Silk Cayes,False Caye,NS Transplant,N,N,alive,3,0,60
T2,9/25/18,SSID 3 23,SSID,S3,23,OSS3,OS,NS,Silk Cayes,False Caye,NS Transplant,Y,N,alive,9,0,60
T3,5/29/19,SSID 3 23,SSID,S3,23,OSS3,OS,NS,Silk Cayes,False Caye,NS Transplant,N,Y,alive,17,0,60
T4,NA,SSID 3 23,SSID,S3,23,OSS3,OS,NS,Silk Cayes,False Caye,NS Transplant,N,Y,dead,60,1,60
T0,12/13/17,SSID 3 24,SSID,S3,24,OSS3,OS,NS,Silk Cayes,False Caye,NS Transplant,N,N,alive,0,0,60
T1,3/9/18,SSID 3 24,SSID,S3,24,OSS3,OS,NS,Silk Cayes,False Caye,NS Transplant,N,N,alive,3,0,60
T2,9/25/18,SSID 3 24,SSID,S3,24,OSS3,OS,NS,Silk Cayes,False Caye,NS Transplant,Y,N,alive,9,0,60
T3,5/29/19,SSID 3 24,SSID,S3,24,OSS3,OS,NS,Silk Cayes,False Caye,NS Transplant,N,Y,alive,17,0,60
T4,NA,SSID 3 24,SSID,S3,24,OSS3,OS,NS,Silk Cayes,False Caye,NS Transplant,N,Y,dead,60,1,60
T0,12/13/17,SSID 3 25,SSID,S3,25,OSS3,OS,NS,Silk Cayes,False Caye,NS Transplant,N,N,alive,0,0,60
T1,3/9/18,SSID 3 25,SSID,S3,25,OSS3,OS,NS,Silk Cayes,False Caye,NS Transplant,N,N,alive,3,0,60
T2,9/25/18,SSID 3 25,SSID,S3,25,OSS3,OS,NS,Silk Cayes,False Caye,NS Transplant,Y,N,alive,9,0,60
T3,5/29/19,SSID 3 25,SSID,S3,25,OSS3,OS,NS,Silk Cayes,False Caye,NS Transplant,Y,Y,alive,17,0,60
T4,NA,SSID 3 25,SSID,S3,25,OSS3,OS,NS,Silk Cayes,False Caye,NS Transplant,Y,Y,dead,60,1,60
T0,12/10/17,SSID 3 3,SSID,S3,3,NSS3,NS,NS,False Caye,False Caye,NS Native,N,N,alive,0,0,60
T1,3/8/18,SSID 3 3,SSID,S3,3,NSS3,NS,NS,False Caye,False Caye,NS Native,N,N,alive,3,0,60
T2,9/24/18,SSID 3 3,SSID,S3,3,NSS3,NS,NS,False Caye,False Caye,NS Native,N,N,alive,9,0,60
T3,5/30/19,SSID 3 3,SSID,S3,3,NSS3,NS,NS,False Caye,False Caye,NS Native,N,N,alive,17,0,60
T4,NA,SSID 3 3,SSID,S3,3,NSS3,NS,NS,False Caye,False Caye,NS Native,N,N,dead,60,1,60
T0,12/10/17,SSID 3 4,SSID,S3,4,NSS3,NS,NS,False Caye,False Caye,NS Native,N,N,alive,0,0,60
T1,3/8/18,SSID 3 4,SSID,S3,4,NSS3,NS,NS,False Caye,False Caye,NS Native,N,N,alive,3,0,60
T2,9/24/18,SSID 3 4,SSID,S3,4,NSS3,NS,NS,False Caye,False Caye,NS Native,Y,N,alive,9,0,60
T3,5/30/19,SSID 3 4,SSID,S3,4,NSS3,NS,NS,False Caye,False Caye,NS Native,N,N,alive,17,0,60
T4,NA,SSID 3 4,SSID,S3,4,NSS3,NS,NS,False Caye,False Caye,NS Native,N,N,dead,60,1,60
T0,12/10/17,SSID 3 5,SSID,S3,5,NSS3,NS,NS,False Caye,False Caye,NS Native,N,N,alive,0,0,60
T1,3/8/18,SSID 3 5,SSID,S3,5,NSS3,NS,NS,False Caye,False Caye,NS Native,N,N,alive,3,0,60
T2,9/24/18,SSID 3 5,SSID,S3,5,NSS3,NS,NS,False Caye,False Caye,NS Native,Y,N,alive,9,0,60
T3,5/30/19,SSID 3 5,SSID,S3,5,NSS3,NS,NS,False Caye,False Caye,NS Native,N,N,alive,17,0,60
T4,NA,SSID 3 5,SSID,S3,5,NSS3,NS,NS,False Caye,False Caye,NS Native,N,N,dead,60,1,60
T0,12/10/17,SSID 3 6,SSID,S3,6,NSS3,NS,NS,False Caye,False Caye,NS Native,N,N,alive,0,0,NA
T1,3/8/18,SSID 3 6,SSID,S3,6,NSS3,NS,NS,False Caye,False Caye,NS Native,N,N,alive,3,0,NA
T2,9/24/18,SSID 3 6,SSID,S3,6,NSS3,NS,NS,False Caye,False Caye,NS Native,N,N,alive,9,0,NA
T3,5/30/19,SSID 3 6,SSID,S3,6,NSS3,NS,NS,False Caye,False Caye,NS Native,Y,N,alive,17,0,NA
T4,8/7/23,SSID 3 6,SSID,S3,6,NSS3,NS,NS,False Caye,False Caye,NS Native,Y,N,alive,60,0,NA
T0,12/10/17,SSID 3 8,SSID,S3,8,NSS3,NS,OS,False Caye,Silk Cayes,OS Transplant,N,N,alive,0,0,9
T1,3/7/18,SSID 3 8,SSID,S3,8,NSS3,NS,OS,False Caye,Silk Cayes,OS Transplant,N,Y,alive,3,0,9
T2,9/26/18,SSID 3 8,SSID,S3,8,NSS3,NS,OS,False Caye,Silk Cayes,OS Transplant,N,N,dead,9,1,9
T3,5/31/19,SSID 3 8,SSID,S3,8,NSS3,NS,OS,False Caye,Silk Cayes,OS Transplant,N,N,dead,17,1,9
T4,NA,SSID 3 8,SSID,S3,8,NSS3,NS,OS,False Caye,Silk Cayes,OS Transplant,N,N,dead,60,1,9
T0,12/10/17,SSID 3 9,SSID,S3,9,NSS3,NS,OS,False Caye,Silk Cayes,OS Transplant,N,N,alive,0,0,9
T1,3/7/18,SSID 3 9,SSID,S3,9,NSS3,NS,OS,False Caye,Silk Cayes,OS Transplant,N,Y,alive,3,0,9
T2,9/26/18,SSID 3 9,SSID,S3,9,NSS3,NS,OS,False Caye,Silk Cayes,OS Transplant,N,N,dead,9,1,9
T3,,SSID 3 9,SSID,S3,9,NSS3,NS,OS,False Caye,Silk Cayes,OS Transplant,N,N,dead,17,1,9
T4,NA,SSID 3 9,SSID,S3,9,NSS3,NS,OS,False Caye,Silk Cayes,OS Transplant,N,N,dead,60,1,9
T0,12/10/17,SSID 4 1,SSID,S4,1,NSS4,NS,NS,False Caye,False Caye,NS Native,N,N,alive,0,0,60
T1,3/8/18,SSID 4 1,SSID,S4,1,NSS4,NS,NS,False Caye,False Caye,NS Native,N,N,alive,3,0,60
T2,9/24/18,SSID 4 1,SSID,S4,1,NSS4,NS,NS,False Caye,False Caye,NS Native,N,Y,alive,9,0,60
T3,5/30/19,SSID 4 1,SSID,S4,1,NSS4,NS,NS,False Caye,False Caye,NS Native,Y,Y,alive,17,0,60
T4,NA,SSID 4 1,SSID,S4,1,NSS4,NS,NS,False Caye,False Caye,NS Native,Y,Y,dead,60,1,60
T0,12/10/17,SSID 4 10,SSID,S4,10,NSS4,NS,OS,False Caye,Silk Cayes,OS Transplant,N,N,alive,0,0,3
T1,3/7/18,SSID 4 10,SSID,S4,10,NSS4,NS,OS,False Caye,Silk Cayes,OS Transplant,N,N,missing,3,1,3
T2,9/26/18,SSID 4 10,SSID,S4,10,NSS4,NS,OS,False Caye,Silk Cayes,OS Transplant,N,N,dead,9,1,3
T3,5/31/19,SSID 4 10,SSID,S4,10,NSS4,NS,OS,False Caye,Silk Cayes,OS Transplant,N,N,dead,17,1,3
T4,NA,SSID 4 10,SSID,S4,10,NSS4,NS,OS,False Caye,Silk Cayes,OS Transplant,N,N,dead,60,1,3
T0,12/10/17,SSID 4 11,SSID,S4,11,NSS4,NS,OS,False Caye,Silk Cayes,OS Transplant,N,N,alive,0,0,9
T1,3/7/18,SSID 4 11,SSID,S4,11,NSS4,NS,OS,False Caye,Silk Cayes,OS Transplant,N,Y,alive,3,0,9
T2,9/26/18,SSID 4 11,SSID,S4,11,NSS4,NS,OS,False Caye,Silk Cayes,OS Transplant,N,N,dead,9,1,9
T3,5/31/19,SSID 4 11,SSID,S4,11,NSS4,NS,OS,False Caye,Silk Cayes,OS Transplant,N,N,dead,17,1,9
T4,NA,SSID 4 11,SSID,S4,11,NSS4,NS,OS,False Caye,Silk Cayes,OS Transplant,N,N,dead,60,1,9
T0,12/10/17,SSID 4 12,SSID,S4,12,NSS4,NS,OS,False Caye,Silk Cayes,OS Transplant,N,N,alive,0,0,3
T1,3/7/18,SSID 4 12,SSID,S4,12,NSS4,NS,OS,False Caye,Silk Cayes,OS Transplant,N,N,dead,3,1,3
T2,9/26/18,SSID 4 12,SSID,S4,12,NSS4,NS,OS,False Caye,Silk Cayes,OS Transplant,N,N,dead,9,1,3
T3,,SSID 4 12,SSID,S4,12,NSS4,NS,OS,False Caye,Silk Cayes,OS Transplant,N,N,dead,17,1,3
T4,NA,SSID 4 12,SSID,S4,12,NSS4,NS,OS,False Caye,Silk Cayes,OS Transplant,N,N,dead,60,1,3
T0,12/13/17,SSID 4 16,SSID,S4,16,OSS4,OS,OS,Silk Cayes,Silk Cayes,OS Native,N,N,alive,0,0,60
T1,3/6/18,SSID 4 16,SSID,S4,16,OSS4,OS,OS,Silk Cayes,Silk Cayes,OS Native,N,N,alive,3,0,60
T2,9/26/18,SSID 4 16,SSID,S4,16,OSS4,OS,OS,Silk Cayes,Silk Cayes,OS Native,Y,N,alive,9,0,60
T3,5/31/19,SSID 4 16,SSID,S4,16,OSS4,OS,OS,Silk Cayes,Silk Cayes,OS Native,N,N,alive,17,0,60
T4,NA,SSID 4 16,SSID,S4,16,OSS4,OS,OS,Silk Cayes,Silk Cayes,OS Native,N,N,dead,60,1,60
T0,12/13/17,SSID 4 17,SSID,S4,17,OSS4,OS,OS,Silk Cayes,Silk Cayes,OS Native,N,N,alive,0,0,60
T1,3/6/18,SSID 4 17,SSID,S4,17,OSS4,OS,OS,Silk Cayes,Silk Cayes,OS Native,N,N,alive,3,0,60
T2,9/26/18,SSID 4 17,SSID,S4,17,OSS4,OS,OS,Silk Cayes,Silk Cayes,OS Native,N,N,alive,9,0,60
T3,5/31/19,SSID 4 17,SSID,S4,17,OSS4,OS,OS,Silk Cayes,Silk Cayes,OS Native,N,N,alive,17,0,60
T4,NA,SSID 4 17,SSID,S4,17,OSS4,OS,OS,Silk Cayes,Silk Cayes,OS Native,N,N,dead,60,1,60
T0,12/13/17,SSID 4 18,SSID,S4,18,OSS4,OS,OS,Silk Cayes,Silk Cayes,OS Native,N,N,alive,0,0,NA
T1,3/6/18,SSID 4 18,SSID,S4,18,OSS4,OS,OS,Silk Cayes,Silk Cayes,OS Native,Y,N,alive,3,0,NA
T2,9/26/18,SSID 4 18,SSID,S4,18,OSS4,OS,OS,Silk Cayes,Silk Cayes,OS Native,N,Y,alive,9,0,NA
T3,5/31/19,SSID 4 18,SSID,S4,18,OSS4,OS,OS,Silk Cayes,Silk Cayes,OS Native,N,Y,alive,17,0,NA
T4,8/10/23,SSID 4 18,SSID,S4,18,OSS4,OS,OS,Silk Cayes,Silk Cayes,OS Native,N,Y,alive,60,0,NA
T0,12/13/17,SSID 4 19,SSID,S4,19,OSS4,OS,OS,Silk Cayes,Silk Cayes,OS Native,N,N,alive,0,0,60
T1,3/6/18,SSID 4 19,SSID,S4,19,OSS4,OS,OS,Silk Cayes,Silk Cayes,OS Native,N,N,alive,3,0,60
T2,9/26/18,SSID 4 19,SSID,S4,19,OSS4,OS,OS,Silk Cayes,Silk Cayes,OS Native,N,N,alive,9,0,60
T3,5/31/19,SSID 4 19,SSID,S4,19,OSS4,OS,OS,Silk Cayes,Silk Cayes,OS Native,N,Y,alive,17,0,60
T4,NA,SSID 4 19,SSID,S4,19,OSS4,OS,OS,Silk Cayes,Silk Cayes,OS Native,N,Y,dead,60,1,60
T0,12/10/17,SSID 4 2,SSID,S4,2,NSS4,NS,NS,False Caye,False Caye,NS Native,N,N,alive,0,0,NA
T1,3/8/18,SSID 4 2,SSID,S4,2,NSS4,NS,NS,False Caye,False Caye,NS Native,Y,N,alive,3,0,NA
T2,9/24/18,SSID 4 2,SSID,S4,2,NSS4,NS,NS,False Caye,False Caye,NS Native,Y,N,alive,9,0,NA
T3,5/30/19,SSID 4 2,SSID,S4,2,NSS4,NS,NS,False Caye,False Caye,NS Native,N,N,alive,17,0,NA
T4,8/7/23,SSID 4 2,SSID,S4,2,NSS4,NS,NS,False Caye,False Caye,NS Native,N,N,alive,60,0,NA
T0,12/13/17,SSID 4 22,SSID,S4,22,OSS4,OS,NS,Silk Cayes,False Caye,NS Transplant,N,N,alive,0,0,60
T1,3/9/18,SSID 4 22,SSID,S4,22,OSS4,OS,NS,Silk Cayes,False Caye,NS Transplant,N,N,alive,3,0,60
T2,9/25/18,SSID 4 22,SSID,S4,22,OSS4,OS,NS,Silk Cayes,False Caye,NS Transplant,Y,N,alive,9,0,60
T3,5/29/19,SSID 4 22,SSID,S4,22,OSS4,OS,NS,Silk Cayes,False Caye,NS Transplant,N,N,alive,17,0,60
T4,NA,SSID 4 22,SSID,S4,22,OSS4,OS,NS,Silk Cayes,False Caye,NS Transplant,N,N,dead,60,1,60
T0,12/13/17,SSID 4 23,SSID,S4,23,OSS4,OS,NS,Silk Cayes,False Caye,NS Transplant,N,N,alive,0,0,NA
T1,3/9/18,SSID 4 23,SSID,S4,23,OSS4,OS,NS,Silk Cayes,False Caye,NS Transplant,N,N,alive,3,0,NA
T2,9/25/18,SSID 4 23,SSID,S4,23,OSS4,OS,NS,Silk Cayes,False Caye,NS Transplant,Y,N,alive,9,0,NA
T3,5/29/19,SSID 4 23,SSID,S4,23,OSS4,OS,NS,Silk Cayes,False Caye,NS Transplant,N,N,alive,17,0,NA
T4,8/8/23,SSID 4 23,SSID,S4,23,OSS4,OS,NS,Silk Cayes,False Caye,NS Transplant,N,N,alive,60,0,NA
T0,12/13/17,SSID 4 24,SSID,S4,24,OSS4,OS,NS,Silk Cayes,False Caye,NS Transplant,N,N,alive,0,0,NA
T1,3/9/18,SSID 4 24,SSID,S4,24,OSS4,OS,NS,Silk Cayes,False Caye,NS Transplant,Y,N,alive,3,0,NA
T2,9/25/18,SSID 4 24,SSID,S4,24,OSS4,OS,NS,Silk Cayes,False Caye,NS Transplant,Y,N,alive,9,0,NA
T3,5/29/19,SSID 4 24,SSID,S4,24,OSS4,OS,NS,Silk Cayes,False Caye,NS Transplant,N,N,alive,17,0,NA
T4,8/9/23,SSID 4 24,SSID,S4,24,OSS4,OS,NS,Silk Cayes,False Caye,NS Transplant,N,N,alive,60,0,NA
T0,12/13/17,SSID 4 25,SSID,S4,25,OSS4,OS,NS,Silk Cayes,False Caye,NS Transplant,N,N,alive,0,0,NA
T1,3/9/18,SSID 4 25,SSID,S4,25,OSS4,OS,NS,Silk Cayes,False Caye,NS Transplant,N,N,alive,3,0,NA
T2,9/25/18,SSID 4 25,SSID,S4,25,OSS4,OS,NS,Silk Cayes,False Caye,NS Transplant,Y,N,alive,9,0,NA
T3,5/29/19,SSID 4 25,SSID,S4,25,OSS4,OS,NS,Silk Cayes,False Caye,NS Transplant,N,N,alive,17,0,NA
T4,8/9/23,SSID 4 25,SSID,S4,25,OSS4,OS,NS,Silk Cayes,False Caye,NS Transplant,N,N,alive,60,0,NA
T0,12/10/17,SSID 4 3,SSID,S4,3,NSS4,NS,NS,False Caye,False Caye,NS Native,N,N,alive,0,0,9
T1,3/8/18,SSID 4 3,SSID,S4,3,NSS4,NS,NS,False Caye,False Caye,NS Native,Y,N,alive,3,0,9
T2,9/24/18,SSID 4 3,SSID,S4,3,NSS4,NS,NS,False Caye,False Caye,NS Native,N,N,dead,9,1,9
T3,5/30/19,SSID 4 3,SSID,S4,3,NSS4,NS,NS,False Caye,False Caye,NS Native,N,N,dead,17,1,9
T4,NA,SSID 4 3,SSID,S4,3,NSS4,NS,NS,False Caye,False Caye,NS Native,N,N,dead,60,1,9
T0,12/10/17,SSID 4 4,SSID,S4,4,NSS4,NS,NS,False Caye,False Caye,NS Native,N,N,alive,0,0,9
T1,3/8/18,SSID 4 4,SSID,S4,4,NSS4,NS,NS,False Caye,False Caye,NS Native,N,N,alive,3,0,9
T2,9/24/18,SSID 4 4,SSID,S4,4,NSS4,NS,NS,False Caye,False Caye,NS Native,N,N,dead,9,1,9
T3,5/30/19,SSID 4 4,SSID,S4,4,NSS4,NS,NS,False Caye,False Caye,NS Native,N,N,dead,17,1,9
T4,NA,SSID 4 4,SSID,S4,4,NSS4,NS,NS,False Caye,False Caye,NS Native,N,N,dead,60,1,9
T0,12/10/17,SSID 4 5,SSID,S4,5,NSS4,NS,NS,False Caye,False Caye,NS Native,N,N,alive,0,0,60
T1,3/8/18,SSID 4 5,SSID,S4,5,NSS4,NS,NS,False Caye,False Caye,NS Native,N,N,alive,3,0,60
T2,9/24/18,SSID 4 5,SSID,S4,5,NSS4,NS,NS,False Caye,False Caye,NS Native,N,N,alive,9,0,60
T3,5/30/19,SSID 4 5,SSID,S4,5,NSS4,NS,NS,False Caye,False Caye,NS Native,N,N,alive,17,0,60
T4,NA,SSID 4 5,SSID,S4,5,NSS4,NS,NS,False Caye,False Caye,NS Native,N,N,dead,60,1,60
T0,12/10/17,SSID 4 6,SSID,S4,6,NSS4,NS,NS,False Caye,False Caye,NS Native,N,N,alive,0,0,60
T1,3/8/18,SSID 4 6,SSID,S4,6,NSS4,NS,NS,False Caye,False Caye,NS Native,N,N,alive,3,0,60
T2,9/24/18,SSID 4 6,SSID,S4,6,NSS4,NS,NS,False Caye,False Caye,NS Native,N,Y,alive,9,0,60
T3,5/30/19,SSID 4 6,SSID,S4,6,NSS4,NS,NS,False Caye,False Caye,NS Native,Y,Y,alive,17,0,60
T4,NA,SSID 4 6,SSID,S4,6,NSS4,NS,NS,False Caye,False Caye,NS Native,Y,Y,dead,60,1,60
T0,12/10/17,SSID 4 7,SSID,S4,7,NSS4,NS,OS,False Caye,Silk Cayes,OS Transplant,N,N,alive,0,0,3
T1,3/7/18,SSID 4 7,SSID,S4,7,NSS4,NS,OS,False Caye,Silk Cayes,OS Transplant,N,N,dead,3,1,3
T2,9/26/18,SSID 4 7,SSID,S4,7,NSS4,NS,OS,False Caye,Silk Cayes,OS Transplant,N,N,dead,9,1,3
T3,5/31/19,SSID 4 7,SSID,S4,7,NSS4,NS,OS,False Caye,Silk Cayes,OS Transplant,N,N,dead,17,1,3
T4,NA,SSID 4 7,SSID,S4,7,NSS4,NS,OS,False Caye,Silk Cayes,OS Transplant,N,N,dead,60,1,3
T0,12/10/17,SSID 5 11,SSID,S5,11,NSS5,NS,OS,False Caye,Silk Cayes,OS Transplant,N,N,alive,0,0,60
T1,3/7/18,SSID 5 11,SSID,S5,11,NSS5,NS,OS,False Caye,Silk Cayes,OS Transplant,N,Y,alive,3,0,60
T2,9/26/18,SSID 5 11,SSID,S5,11,NSS5,NS,OS,False Caye,Silk Cayes,OS Transplant,N,Y,alive,9,0,60
T3,5/31/19,SSID 5 11,SSID,S5,11,NSS5,NS,OS,False Caye,Silk Cayes,OS Transplant,N,Y,alive,17,0,60
T4,NA,SSID 5 11,SSID,S5,11,NSS5,NS,OS,False Caye,Silk Cayes,OS Transplant,N,Y,dead,60,1,60
T0,12/13/17,SSID 5 16,SSID,S5,16,OSS5,OS,OS,Silk Cayes,Silk Cayes,OS Native,N,N,alive,0,0,60
T1,3/6/18,SSID 5 16,SSID,S5,16,OSS5,OS,OS,Silk Cayes,Silk Cayes,OS Native,N,N,alive,3,0,60
T2,9/26/18,SSID 5 16,SSID,S5,16,OSS5,OS,OS,Silk Cayes,Silk Cayes,OS Native,N,N,alive,9,0,60
T3,5/31/19,SSID 5 16,SSID,S5,16,OSS5,OS,OS,Silk Cayes,Silk Cayes,OS Native,N,N,alive,17,0,60
T4,NA,SSID 5 16,SSID,S5,16,OSS5,OS,OS,Silk Cayes,Silk Cayes,OS Native,N,N,dead,60,1,60
T0,12/13/17,SSID 5 17,SSID,S5,17,OSS5,OS,OS,Silk Cayes,Silk Cayes,OS Native,N,N,alive,0,0,NA
T1,3/6/18,SSID 5 17,SSID,S5,17,OSS5,OS,OS,Silk Cayes,Silk Cayes,OS Native,N,N,alive,3,0,NA
T2,9/26/18,SSID 5 17,SSID,S5,17,OSS5,OS,OS,Silk Cayes,Silk Cayes,OS Native,N,N,alive,9,0,NA
T3,5/31/19,SSID 5 17,SSID,S5,17,OSS5,OS,OS,Silk Cayes,Silk Cayes,OS Native,N,N,alive,17,0,NA
T4,8/10/23,SSID 5 17,SSID,S5,17,OSS5,OS,OS,Silk Cayes,Silk Cayes,OS Native,N,N,alive,60,0,NA
T0,12/13/17,SSID 5 18,SSID,S5,18,OSS5,OS,OS,Silk Cayes,Silk Cayes,OS Native,N,N,alive,0,0,NA
T1,3/6/18,SSID 5 18,SSID,S5,18,OSS5,OS,OS,Silk Cayes,Silk Cayes,OS Native,N,N,alive,3,0,NA
T2,9/26/18,SSID 5 18,SSID,S5,18,OSS5,OS,OS,Silk Cayes,Silk Cayes,OS Native,N,N,alive,9,0,NA
T3,5/31/19,SSID 5 18,SSID,S5,18,OSS5,OS,OS,Silk Cayes,Silk Cayes,OS Native,N,N,alive,17,0,NA
T4,8/10/23,SSID 5 18,SSID,S5,18,OSS5,OS,OS,Silk Cayes,Silk Cayes,OS Native,N,N,alive,60,0,NA
T0,12/13/17,SSID 5 19,SSID,S5,19,OSS5,OS,OS,Silk Cayes,Silk Cayes,OS Native,N,N,alive,0,0,60
T1,3/6/18,SSID 5 19,SSID,S5,19,OSS5,OS,OS,Silk Cayes,Silk Cayes,OS Native,Y,Y,alive,3,0,60
T2,9/26/18,SSID 5 19,SSID,S5,19,OSS5,OS,OS,Silk Cayes,Silk Cayes,OS Native,N,Y,alive,9,0,60
T3,5/31/19,SSID 5 19,SSID,S5,19,OSS5,OS,OS,Silk Cayes,Silk Cayes,OS Native,N,Y,alive,17,0,60
T4,NA,SSID 5 19,SSID,S5,19,OSS5,OS,OS,Silk Cayes,Silk Cayes,OS Native,N,Y,dead,60,1,60
T0,12/13/17,SSID 5 22,SSID,S5,22,OSS5,OS,NS,Silk Cayes,False Caye,NS Transplant,N,N,alive,0,0,60
T1,3/9/18,SSID 5 22,SSID,S5,22,OSS5,OS,NS,Silk Cayes,False Caye,NS Transplant,N,N,alive,3,0,60
T2,9/25/18,SSID 5 22,SSID,S5,22,OSS5,OS,NS,Silk Cayes,False Caye,NS Transplant,Y,N,alive,9,0,60
T3,5/29/19,SSID 5 22,SSID,S5,22,OSS5,OS,NS,Silk Cayes,False Caye,NS Transplant,N,Y,alive,17,0,60
T4,NA,SSID 5 22,SSID,S5,22,OSS5,OS,NS,Silk Cayes,False Caye,NS Transplant,N,Y,dead,60,1,60
T0,12/13/17,SSID 5 23,SSID,S5,23,OSS5,OS,NS,Silk Cayes,False Caye,NS Transplant,N,N,alive,0,0,9
T1,3/9/18,SSID 5 23,SSID,S5,23,OSS5,OS,NS,Silk Cayes,False Caye,NS Transplant,N,N,alive,3,0,9
T2,9/25/18,SSID 5 23,SSID,S5,23,OSS5,OS,NS,Silk Cayes,False Caye,NS Transplant,N,N,dead,9,1,9
T3,5/29/19,SSID 5 23,SSID,S5,23,OSS5,OS,NS,Silk Cayes,False Caye,NS Transplant,N,N,dead,17,1,9
T4,NA,SSID 5 23,SSID,S5,23,OSS5,OS,NS,Silk Cayes,False Caye,NS Transplant,N,N,dead,60,1,9
T0,12/13/17,SSID 5 24,SSID,S5,24,OSS5,OS,NS,Silk Cayes,False Caye,NS Transplant,N,N,alive,0,0,NA
T1,3/9/18,SSID 5 24,SSID,S5,24,OSS5,OS,NS,Silk Cayes,False Caye,NS Transplant,Y,N,alive,3,0,NA
T2,9/25/18,SSID 5 24,SSID,S5,24,OSS5,OS,NS,Silk Cayes,False Caye,NS Transplant,Y,N,alive,9,0,NA
T3,5/29/19,SSID 5 24,SSID,S5,24,OSS5,OS,NS,Silk Cayes,False Caye,NS Transplant,N,N,alive,17,0,NA
T4,8/8/23,SSID 5 24,SSID,S5,24,OSS5,OS,NS,Silk Cayes,False Caye,NS Transplant,N,N,alive,60,0,NA
T0,12/13/17,SSID 5 25,SSID,S5,25,OSS5,OS,NS,Silk Cayes,False Caye,NS Transplant,N,N,alive,0,0,NA
T1,3/9/18,SSID 5 25,SSID,S5,25,OSS5,OS,NS,Silk Cayes,False Caye,NS Transplant,N,N,alive,3,0,NA
T2,9/25/18,SSID 5 25,SSID,S5,25,OSS5,OS,NS,Silk Cayes,False Caye,NS Transplant,Y,N,alive,9,0,NA
T3,5/29/19,SSID 5 25,SSID,S5,25,OSS5,OS,NS,Silk Cayes,False Caye,NS Transplant,N,N,alive,17,0,NA
T4,8/9/23,SSID 5 25,SSID,S5,25,OSS5,OS,NS,Silk Cayes,False Caye,NS Transplant,N,N,alive,60,0,NA
T0,12/10/17,SSID 5 3,SSID,S5,3,NSS5,NS,NS,False Caye,False Caye,NS Native,N,N,alive,0,0,60
T1,3/8/18,SSID 5 3,SSID,S5,3,NSS5,NS,NS,False Caye,False Caye,NS Native,N,N,alive,3,0,60
T2,9/24/18,SSID 5 3,SSID,S5,3,NSS5,NS,NS,False Caye,False Caye,NS Native,N,N,alive,9,0,60
T3,5/30/19,SSID 5 3,SSID,S5,3,NSS5,NS,NS,False Caye,False Caye,NS Native,N,N,alive,17,0,60
T4,NA,SSID 5 3,SSID,S5,3,NSS5,NS,NS,False Caye,False Caye,NS Native,N,N,dead,60,1,60
T0,12/10/17,SSID 5 4,SSID,S5,4,NSS5,NS,NS,False Caye,False Caye,NS Native,N,N,alive,0,0,NA
T1,3/8/18,SSID 5 4,SSID,S5,4,NSS5,NS,NS,False Caye,False Caye,NS Native,N,N,alive,3,0,NA
T2,9/24/18,SSID 5 4,SSID,S5,4,NSS5,NS,NS,False Caye,False Caye,NS Native,Y,N,alive,9,0,NA
T3,5/30/19,SSID 5 4,SSID,S5,4,NSS5,NS,NS,False Caye,False Caye,NS Native,N,Y,alive,17,0,NA
T4,8/7/23,SSID 5 4,SSID,S5,4,NSS5,NS,NS,False Caye,False Caye,NS Native,N,Y,alive,60,0,NA
T0,12/10/17,SSID 5 5,SSID,S5,5,NSS5,NS,NS,False Caye,False Caye,NS Native,N,N,alive,0,0,NA
T1,3/8/18,SSID 5 5,SSID,S5,5,NSS5,NS,NS,False Caye,False Caye,NS Native,N,N,alive,3,0,NA
T2,9/24/18,SSID 5 5,SSID,S5,5,NSS5,NS,NS,False Caye,False Caye,NS Native,Y,N,alive,9,0,NA
T3,5/30/19,SSID 5 5,SSID,S5,5,NSS5,NS,NS,False Caye,False Caye,NS Native,N,Y,alive,17,0,NA
T4,8/7/23,SSID 5 5,SSID,S5,5,NSS5,NS,NS,False Caye,False Caye,NS Native,N,Y,alive,60,0,NA
T0,12/10/17,SSID 5 6,SSID,S5,6,NSS5,NS,NS,False Caye,False Caye,NS Native,N,N,alive,0,0,17
T1,3/8/18,SSID 5 6,SSID,S5,6,NSS5,NS,NS,False Caye,False Caye,NS Native,N,N,alive,3,0,17
T2,9/24/18,SSID 5 6,SSID,S5,6,NSS5,NS,NS,False Caye,False Caye,NS Native,Y,Y,alive,9,0,17
T3,5/30/19,SSID 5 6,SSID,S5,6,NSS5,NS,NS,False Caye,False Caye,NS Native,N,N,dead,17,1,17
T4,NA,SSID 5 6,SSID,S5,6,NSS5,NS,NS,False Caye,False Caye,NS Native,N,N,dead,60,1,17
T0,12/10/17,SSID 5 7,SSID,S5,7,NSS5,NS,OS,False Caye,Silk Cayes,OS Transplant,N,N,alive,0,0,3
T1,3/7/18,SSID 5 7,SSID,S5,7,NSS5,NS,OS,False Caye,Silk Cayes,OS Transplant,N,N,dead,3,1,3
T2,9/26/18,SSID 5 7,SSID,S5,7,NSS5,NS,OS,False Caye,Silk Cayes,OS Transplant,N,N,dead,9,1,3
T3,,SSID 5 7,SSID,S5,7,NSS5,NS,NS,False Caye,False Caye,NS Native,N,N,dead,17,1,3
T4,NA,SSID 5 7,SSID,S5,7,NSS5,NS,NS,False Caye,False Caye,NS Native,N,N,dead,60,1,3
T0,12/10/17,SSID 5 8,SSID,S5,8,NSS5,NS,OS,False Caye,Silk Cayes,OS Transplant,N,N,alive,0,0,3
T1,3/7/18,SSID 5 8,SSID,S5,8,NSS5,NS,OS,False Caye,Silk Cayes,OS Transplant,N,N,dead,3,1,3
T2,9/26/18,SSID 5 8,SSID,S5,8,NSS5,NS,OS,False Caye,Silk Cayes,OS Transplant,N,N,dead,9,1,3
T3,5/31/19,SSID 5 8,SSID,S5,8,NSS5,NS,OS,False Caye,Silk Cayes,OS Transplant,N,N,dead,17,1,3
T4,NA,SSID 5 8,SSID,S5,8,NSS5,NS,OS,False Caye,Silk Cayes,OS Transplant,N,N,dead,60,1,3
T0,12/10/17,SSID 5 9,SSID,S5,9,NSS5,NS,OS,False Caye,Silk Cayes,OS Transplant,N,N,alive,0,0,60
T1,3/7/18,SSID 5 9,SSID,S5,9,NSS5,NS,OS,False Caye,Silk Cayes,OS Transplant,N,Y,alive,3,0,60
T2,9/26/18,SSID 5 9,SSID,S5,9,NSS5,NS,OS,False Caye,Silk Cayes,OS Transplant,N,Y,alive,9,0,60
T3,5/31/19,SSID 5 9,SSID,S5,9,NSS5,NS,OS,False Caye,Silk Cayes,OS Transplant,N,Y,alive,17,0,60
T4,NA,SSID 5 9,SSID,S5,9,NSS5,NS,OS,False Caye,Silk Cayes,OS Transplant,N,Y,dead,60,1,60
T0,12/10/17,SSID 6 1,SSID,S6,1,NSS6,NS,NS,False Caye,False Caye,NS Native,N,N,alive,0,0,9
T1,3/8/18,SSID 6 1,SSID,S6,1,NSS6,NS,NS,False Caye,False Caye,NS Native,N,Y,alive,3,0,9
T2,9/24/18,SSID 6 1,SSID,S6,1,NSS6,NS,NS,False Caye,False Caye,NS Native,N,N,dead,9,1,9
T3,5/30/19,SSID 6 1,SSID,S6,1,NSS6,NS,NS,False Caye,False Caye,NS Native,N,N,dead,17,1,9
T4,NA,SSID 6 1,SSID,S6,1,NSS6,NS,NS,False Caye,False Caye,NS Native,N,N,dead,60,1,9
T0,12/10/17,SSID 6 10,SSID,S6,10,NSS6,NS,OS,False Caye,Silk Cayes,OS Transplant,N,N,alive,0,0,17
T1,3/7/18,SSID 6 10,SSID,S6,10,NSS6,NS,OS,False Caye,Silk Cayes,OS Transplant,N,Y,alive,3,0,17
T2,9/26/18,SSID 6 10,SSID,S6,10,NSS6,NS,OS,False Caye,Silk Cayes,OS Transplant,N,Y,alive,9,0,17
T3,,SSID 6 10,SSID,S6,10,NSS6,NS,OS,False Caye,Silk Cayes,OS Transplant,N,N,dead,17,1,17
T4,NA,SSID 6 10,SSID,S6,10,NSS6,NS,OS,False Caye,Silk Cayes,OS Transplant,N,N,dead,60,1,17
T0,12/10/17,SSID 6 11,SSID,S6,11,NSS6,NS,OS,False Caye,Silk Cayes,OS Transplant,N,N,alive,0,0,60
T1,3/7/18,SSID 6 11,SSID,S6,11,NSS6,NS,OS,False Caye,Silk Cayes,OS Transplant,N,Y,alive,3,0,60
T2,9/26/18,SSID 6 11,SSID,S6,11,NSS6,NS,OS,False Caye,Silk Cayes,OS Transplant,N,Y,alive,9,0,60
T3,5/31/19,SSID 6 11,SSID,S6,11,NSS6,NS,OS,False Caye,Silk Cayes,OS Transplant,N,Y,alive,17,0,60
T4,NA,SSID 6 11,SSID,S6,11,NSS6,NS,OS,False Caye,Silk Cayes,OS Transplant,N,Y,dead,60,1,60
T0,12/10/17,SSID 6 12,SSID,S6,12,NSS6,NS,OS,False Caye,Silk Cayes,OS Transplant,N,N,alive,0,0,9
T1,3/7/18,SSID 6 12,SSID,S6,12,NSS6,NS,OS,False Caye,Silk Cayes,OS Transplant,Y,Y,alive,3,0,9
T2,9/26/18,SSID 6 12,SSID,S6,12,NSS6,NS,OS,False Caye,Silk Cayes,OS Transplant,N,N,dead,9,1,9
T3,,SSID 6 12,SSID,S6,12,NSS6,NS,OS,False Caye,Silk Cayes,OS Transplant,N,N,dead,17,1,9
T4,NA,SSID 6 12,SSID,S6,12,NSS6,NS,OS,False Caye,Silk Cayes,OS Transplant,N,N,dead,60,1,9
T0,12/13/17,SSID 6 14,SSID,S6,14,OSS6,OS,OS,Silk Cayes,Silk Cayes,OS Native,N,N,alive,0,0,NA
T1,3/6/18,SSID 6 14,SSID,S6,14,OSS6,OS,OS,Silk Cayes,Silk Cayes,OS Native,Y,N,alive,3,0,NA
T2,9/26/18,SSID 6 14,SSID,S6,14,OSS6,OS,OS,Silk Cayes,Silk Cayes,OS Native,N,N,alive,9,0,NA
T3,5/31/19,SSID 6 14,SSID,S6,14,OSS6,OS,OS,Silk Cayes,Silk Cayes,OS Native,N,N,alive,17,0,NA
T4,8/10/23,SSID 6 14,SSID,S6,14,OSS6,OS,OS,Silk Cayes,Silk Cayes,OS Native,N,N,alive,60,0,NA
T0,12/13/17,SSID 6 15,SSID,S6,15,OSS6,OS,OS,Silk Cayes,Silk Cayes,OS Native,N,N,alive,0,0,NA
T1,3/6/18,SSID 6 15,SSID,S6,15,OSS6,OS,OS,Silk Cayes,Silk Cayes,OS Native,N,N,alive,3,0,NA
T2,9/26/18,SSID 6 15,SSID,S6,15,OSS6,OS,OS,Silk Cayes,Silk Cayes,OS Native,Y,N,alive,9,0,NA
T3,5/31/19,SSID 6 15,SSID,S6,15,OSS6,OS,OS,Silk Cayes,Silk Cayes,OS Native,N,N,alive,17,0,NA
T4,8/10/23,SSID 6 15,SSID,S6,15,OSS6,OS,OS,Silk Cayes,Silk Cayes,OS Native,N,N,alive,60,0,NA
T0,12/13/17,SSID 6 16,SSID,S6,16,OSS6,OS,OS,Silk Cayes,Silk Cayes,OS Native,N,N,alive,0,0,60
T1,3/6/18,SSID 6 16,SSID,S6,16,OSS6,OS,OS,Silk Cayes,Silk Cayes,OS Native,Y,N,alive,3,0,60
T2,9/26/18,SSID 6 16,SSID,S6,16,OSS6,OS,OS,Silk Cayes,Silk Cayes,OS Native,Y,N,alive,9,0,60
T3,5/31/19,SSID 6 16,SSID,S6,16,OSS6,OS,OS,Silk Cayes,Silk Cayes,OS Native,N,N,alive,17,0,60
T4,NA,SSID 6 16,SSID,S6,16,OSS6,OS,OS,Silk Cayes,Silk Cayes,OS Native,N,N,dead,60,1,60
T0,12/13/17,SSID 6 17,SSID,S6,17,OSS6,OS,OS,Silk Cayes,Silk Cayes,OS Native,N,N,alive,0,0,NA
T1,3/6/18,SSID 6 17,SSID,S6,17,OSS6,OS,OS,Silk Cayes,Silk Cayes,OS Native,Y,N,alive,3,0,NA
T2,9/26/18,SSID 6 17,SSID,S6,17,OSS6,OS,OS,Silk Cayes,Silk Cayes,OS Native,Y,N,alive,9,0,NA
T3,5/31/19,SSID 6 17,SSID,S6,17,OSS6,OS,OS,Silk Cayes,Silk Cayes,OS Native,N,N,alive,17,0,NA
T4,8/10/23,SSID 6 17,SSID,S6,17,OSS6,OS,OS,Silk Cayes,Silk Cayes,OS Native,N,N,alive,60,0,NA
T0,12/13/17,SSID 6 18,SSID,S6,18,OSS6,OS,OS,Silk Cayes,Silk Cayes,OS Native,N,N,alive,0,0,NA
T1,3/6/18,SSID 6 18,SSID,S6,18,OSS6,OS,OS,Silk Cayes,Silk Cayes,OS Native,Y,Y,alive,3,0,NA
T2,9/26/18,SSID 6 18,SSID,S6,18,OSS6,OS,OS,Silk Cayes,Silk Cayes,OS Native,Y,N,alive,9,0,NA
T3,5/31/19,SSID 6 18,SSID,S6,18,OSS6,OS,OS,Silk Cayes,Silk Cayes,OS Native,Y,N,alive,17,0,NA
T4,8/10/23,SSID 6 18,SSID,S6,18,OSS6,OS,OS,Silk Cayes,Silk Cayes,OS Native,Y,N,alive,60,0,NA
T0,12/13/17,SSID 6 19,SSID,S6,19,OSS6,OS,OS,Silk Cayes,Silk Cayes,OS Native,N,N,alive,0,0,NA
T1,3/6/18,SSID 6 19,SSID,S6,19,OSS6,OS,OS,Silk Cayes,Silk Cayes,OS Native,N,N,alive,3,0,NA
T2,9/26/18,SSID 6 19,SSID,S6,19,OSS6,OS,OS,Silk Cayes,Silk Cayes,OS Native,N,N,alive,9,0,NA
T3,5/31/19,SSID 6 19,SSID,S6,19,OSS6,OS,OS,Silk Cayes,Silk Cayes,OS Native,N,N,alive,17,0,NA
T4,8/10/23,SSID 6 19,SSID,S6,19,OSS6,OS,OS,Silk Cayes,Silk Cayes,OS Native,N,N,alive,60,0,NA
T0,12/10/17,SSID 6 2,SSID,S6,2,NSS6,NS,NS,False Caye,False Caye,NS Native,N,N,alive,0,0,60
T1,3/8/18,SSID 6 2,SSID,S6,2,NSS6,NS,NS,False Caye,False Caye,NS Native,N,Y,alive,3,0,60
T2,9/24/18,SSID 6 2,SSID,S6,2,NSS6,NS,NS,False Caye,False Caye,NS Native,Y,Y,alive,9,0,60
T3,5/30/19,SSID 6 2,SSID,S6,2,NSS6,NS,NS,False Caye,False Caye,NS Native,Y,N,alive,17,0,60
T4,NA,SSID 6 2,SSID,S6,2,NSS6,NS,NS,False Caye,False Caye,NS Native,Y,N,dead,60,1,60
T0,12/13/17,SSID 6 22,SSID,S6,22,OSS6,OS,NS,Silk Cayes,False Caye,NS Transplant,N,N,alive,0,0,60
T1,3/9/18,SSID 6 22,SSID,S6,22,OSS6,OS,NS,Silk Cayes,False Caye,NS Transplant,N,N,alive,3,0,60
T2,9/25/18,SSID 6 22,SSID,S6,22,OSS6,OS,NS,Silk Cayes,False Caye,NS Transplant,N,N,alive,9,0,60
T3,5/29/19,SSID 6 22,SSID,S6,22,OSS6,OS,NS,Silk Cayes,False Caye,NS Transplant,N,N,alive,17,0,60
T4,NA,SSID 6 22,SSID,S6,22,OSS6,OS,NS,Silk Cayes,False Caye,NS Transplant,N,N,dead,60,1,60
T0,12/13/17,SSID 6 23,SSID,S6,23,OSS6,OS,NS,Silk Cayes,False Caye,NS Transplant,N,N,alive,0,0,NA
T1,3/9/18,SSID 6 23,SSID,S6,23,OSS6,OS,NS,Silk Cayes,False Caye,NS Transplant,Y,N,alive,3,0,NA
T2,9/25/18,SSID 6 23,SSID,S6,23,OSS6,OS,NS,Silk Cayes,False Caye,NS Transplant,Y,N,alive,9,0,NA
T3,5/29/19,SSID 6 23,SSID,S6,23,OSS6,OS,NS,Silk Cayes,False Caye,NS Transplant,N,N,alive,17,0,NA
T4,8/8/23,SSID 6 23,SSID,S6,23,OSS6,OS,NS,Silk Cayes,False Caye,NS Transplant,N,N,alive,60,0,NA
T0,12/13/17,SSID 6 24,SSID,S6,24,OSS6,OS,NS,Silk Cayes,False Caye,NS Transplant,N,N,alive,0,0,NA
T1,3/9/18,SSID 6 24,SSID,S6,24,OSS6,OS,NS,Silk Cayes,False Caye,NS Transplant,Y,N,alive,3,0,NA
T2,9/25/18,SSID 6 24,SSID,S6,24,OSS6,OS,NS,Silk Cayes,False Caye,NS Transplant,Y,N,alive,9,0,NA
T3,5/29/19,SSID 6 24,SSID,S6,24,OSS6,OS,NS,Silk Cayes,False Caye,NS Transplant,N,N,alive,17,0,NA
T4,8/8/23,SSID 6 24,SSID,S6,24,OSS6,OS,NS,Silk Cayes,False Caye,NS Transplant,N,N,alive,60,0,NA
T0,12/13/17,SSID 6 25,SSID,S6,25,OSS6,OS,NS,Silk Cayes,False Caye,NS Transplant,N,N,alive,0,0,60
T1,3/9/18,SSID 6 25,SSID,S6,25,OSS6,OS,NS,Silk Cayes,False Caye,NS Transplant,N,N,alive,3,0,60
T2,9/25/18,SSID 6 25,SSID,S6,25,OSS6,OS,NS,Silk Cayes,False Caye,NS Transplant,Y,N,alive,9,0,60
T3,5/29/19,SSID 6 25,SSID,S6,25,OSS6,OS,NS,Silk Cayes,False Caye,NS Transplant,N,N,alive,17,0,60
T4,NA,SSID 6 25,SSID,S6,25,OSS6,OS,NS,Silk Cayes,False Caye,NS Transplant,N,N,dead,60,1,60
T0,12/10/17,SSID 6 3,SSID,S6,3,NSS6,NS,NS,False Caye,False Caye,NS Native,N,N,alive,0,0,17
T1,3/8/18,SSID 6 3,SSID,S6,3,NSS6,NS,NS,False Caye,False Caye,NS Native,N,N,alive,3,0,17
T2,9/24/18,SSID 6 3,SSID,S6,3,NSS6,NS,NS,False Caye,False Caye,NS Native,Y,Y,alive,9,0,17
T3,5/30/19,SSID 6 3,SSID,S6,3,NSS6,NS,NS,False Caye,False Caye,NS Native,N,N,dead,17,1,17
T4,NA,SSID 6 3,SSID,S6,3,NSS6,NS,NS,False Caye,False Caye,NS Native,N,N,dead,60,1,17
T0,12/10/17,SSID 6 4,SSID,S6,4,NSS6,NS,NS,False Caye,False Caye,NS Native,N,N,alive,0,0,60
T1,3/8/18,SSID 6 4,SSID,S6,4,NSS6,NS,NS,False Caye,False Caye,NS Native,N,N,alive,3,0,60
T2,9/24/18,SSID 6 4,SSID,S6,4,NSS6,NS,NS,False Caye,False Caye,NS Native,Y,N,alive,9,0,60
T3,5/30/19,SSID 6 4,SSID,S6,4,NSS6,NS,NS,False Caye,False Caye,NS Native,N,N,alive,17,0,60
T4,NA,SSID 6 4,SSID,S6,4,NSS6,NS,NS,False Caye,False Caye,NS Native,N,N,dead,60,1,60
T0,12/10/17,SSID 6 5,SSID,S6,5,NSS6,NS,NS,False Caye,False Caye,NS Native,N,N,alive,0,0,17
T1,3/8/18,SSID 6 5,SSID,S6,5,NSS6,NS,NS,False Caye,False Caye,NS Native,N,Y,alive,3,0,17
T2,9/24/18,SSID 6 5,SSID,S6,5,NSS6,NS,NS,False Caye,False Caye,NS Native,Y,Y,alive,9,0,17
T3,5/30/19,SSID 6 5,SSID,S6,5,NSS6,NS,NS,False Caye,False Caye,NS Native,N,N,dead,17,1,17
T4,NA,SSID 6 5,SSID,S6,5,NSS6,NS,NS,False Caye,False Caye,NS Native,N,N,dead,60,1,17
T0,12/10/17,SSID 6 6,SSID,S6,6,NSS6,NS,NS,False Caye,False Caye,NS Native,N,N,alive,0,0,9
T1,3/8/18,SSID 6 6,SSID,S6,6,NSS6,NS,NS,False Caye,False Caye,NS Native,Y,Y,alive,3,0,9
T2,9/24/18,SSID 6 6,SSID,S6,6,NSS6,NS,NS,False Caye,False Caye,NS Native,N,N,dead,9,1,9
T3,5/30/19,SSID 6 6,SSID,S6,6,NSS6,NS,NS,False Caye,False Caye,NS Native,N,N,dead,17,1,9
T4,NA,SSID 6 6,SSID,S6,6,NSS6,NS,NS,False Caye,False Caye,NS Native,N,N,dead,60,1,9
T0,12/10/17,SSID 6 9,SSID,S6,9,NSS6,NS,OS,False Caye,Silk Cayes,OS Transplant,N,N,alive,0,0,17
T1,3/7/18,SSID 6 9,SSID,S6,9,NSS6,NS,OS,False Caye,Silk Cayes,OS Transplant,N,Y,alive,3,0,17
T2,9/26/18,SSID 6 9,SSID,S6,9,NSS6,NS,OS,False Caye,Silk Cayes,OS Transplant,Y,Y,alive,9,0,17
T3,5/31/19,SSID 6 9,SSID,S6,9,NSS6,NS,OS,False Caye,Silk Cayes,OS Transplant,N,N,dead,17,1,17
T4,NA,SSID 6 9,SSID,S6,9,NSS6,NS,OS,False Caye,Silk Cayes,OS Transplant,N,N,dead,60,1,17