species,flag_ID,flag_color,tag_color,colony_ID,fragment_num,species_code,Transplant_site,Collection_site,PAM_position_sequence,treatment,transplant_envir,home_envir,avg_FvFm,FvFm1,FvFm2,FvFm3
SSID,1,purple,lightblue,1,4,SSID14,NS,NS,random,NS Native,Nearshore,Nearshore coral,0.5223259094333335,0.4899817851000001,0.5276243094,0.5493716338000001
SSID,2,green,lightblue,1,5,SSID15,NS,NS,random,NS Native,Nearshore,Nearshore coral,0.5717329708000001,0.4750957854,0.5694444444000001,0.6706586826000001
SSID,3,orange,green,2,na,na,NS,NS,random,NS Native,Nearshore,Nearshore coral,0.5790602692666666,0.6430013458999999,0.5943789035,0.4998005584
SSID,4,neon,orange,3,4,SSID24,NS,NS,random,NS Native,Nearshore,Nearshore coral,0.5693213646,0.5161290323000002,0.5507692308000001,0.6410658307
SSID,5,red,orange,3,6,SSID36,NS,NS,random,NS Native,Nearshore,Nearshore coral,0.5435250261,0.5048143053999999,0.5519785379000001,0.573782235
SSID,6,pink,red,4,2,SSID42,NS,NS,random,NS Native,Nearshore,Nearshore coral,0.5460790148000001,0.5851946394,0.5655496767000001,0.48749272830000007
SSID,9,black,white,5,5,SSID55,NS,NS,random,NS Native,Nearshore,Nearshore coral,0.5912717788999999,0.5936343448999999,0.5731497418,0.60703125
SSID,10,white,white,5,4,SSID54,NS,NS,random,NS Native,Nearshore,Nearshore coral,0.6062654219333333,0.7344322343999999,0.5440414508000001,0.5403225805999999
SSID,13,orange,pink,6,23,SSID623,NS,OS,random,Transplant to NS,Nearshore,Offshore coral,0.6429652281,0.7064380685999999,0.5708182714000001,0.6516393443
SSID,24,neon,light blue,1,25,SSID125,NS,OS,random,Transplant to NS,Nearshore,Offshore coral,0.5758860914333335,0.5671708185000002,0.5928948632000001,0.5675925926000001
SSID,16,pink,light blue,1,23,SSID123,NS,OS,random,Transplant to NS,Nearshore,Offshore coral,0.5731001620333334,0.5688824663000001,0.5849952517,0.5654227680999999
SSID,15,red,pink,6,24,SSID624,NS,OS,random,Transplant to NS,Nearshore,Offshore coral,0.5491504496333333,0.5893271461999999,0.5297383029,0.5283858998
SSID,17,yellow,white,5,24,SSID524,NS,OS,random,Transplant to NS,Nearshore,Offshore coral,0.5507481941666668,0.516642547,0.5578747628,0.5777272727000001
SSID,11,purple,red,4,23,SSID423,NS,OS,random,Transplant to NS,Nearshore,Offshore coral,0.5651908182666667,0.5614325068999999,0.5349887133000001,0.5991512346000001
PSTR,39,black,white,5,5,PSTR55,NS,NS,random,NS Native,Nearshore,Nearshore coral,0.47796224153333333,0.4817813765,0.4980237154,0.4540816327
PSTR,32,green,orange,3,5,PSTR35,NS,NS,"top, top, bottom",NS Native,Nearshore,Nearshore coral,0.4665992405,0.4454148472000001,0.44843049330000007,0.5059523809999998
PSTR,35,red,red,4,3,PSTR43,NS,NS,top = 0,NS Native,Nearshore,Nearshore coral,0.4962575866,0.4928571429,0.43971631210000006,0.5561993048
PSTR,33,orange,orange,3,4,PSTR34,NS,NS,"rim, side, bottom",NS Native,Nearshore,Nearshore coral,0.4178471610333333,0.5523560208999999,0.22994652410000002,0.4712389381
PSTR,31,purple,orange,3,6,PSTR36,NS,NS,"rim, bottom, rim",NS Native,Nearshore,Nearshore coral,0.5415958487000001,0.5344827585999999,0.5586592179000002,0.5316455696000001
PSTR,29,black,green,2,5,PSTR25,NS,NS,"rim, rim, bottom",NS Native,Nearshore,Nearshore coral,0.4496310577,0.4065934066,0.44827586210000003,0.4940239044
PSTR,27,yellow,light blue,1,4,PSTR14,NS,NS,"rim, bottom, bottom",NS Native,Nearshore,Nearshore coral,0.46061697923333333,0.4522821577,0.4504504505,0.47911832950000005
PSTR,25,red,light blue,1,6,PSTR16,NS,NS,"rim, bottom, bottom",NS Native,Nearshore,Nearshore coral,0.40465813406666673,0.30909090910000003,0.37908496730000013,0.5257985258
PSTR,26,pink,light blue,1,5,PSTR15,NS,NS,"rim, bottom, bottom",NS Native,Nearshore,Nearshore coral,0.4709646412666667,0.495412844,0.4536082474,0.46387283240000005
PSTR,43,orange,pink,6,4,PSTR64,NS,NS,"rim, side, bottom",NS Native,Nearshore,Nearshore coral,0.4136644710000001,0.4009661836000001,0.40412979350000006,0.4358974359000001
PSTR,42,green,pink,6,5,PSTR65,NS,NS,"top, rim, side",NS Native,Nearshore,Nearshore coral,0.46488411223333337,0.4757869249000001,0.39942528740000005,0.5194401244
PSTR,38,blue,white,5,6,PSTR56,NS,NS,"rim, bottom, rim",NS Native,Nearshore,Nearshore coral,0.4955349978333334,0.4562211982,0.45895522390000004,0.5714285714
PSTR,47,yellow,pink,6,25,PSTR625,NS,OS,"top, rim, bottom",Transplant to NS,Nearshore,Offshore coral,0.40451443853333335,0.46428571430000004,0.34051724139999995,0.4087403599
PSTR,41,purple,pink,6,6,PSTR66,NS,NS,"top, rim, bottom",NS Native,Nearshore,Nearshore coral,0.45699579030000004,0.5230769231,0.43000000000000005,0.4179104478000001
PSTR,40,white,white,5,4,PSTR54,NS,NS,"rim, top, bottom",NS Native,Nearshore,Nearshore coral,0.5291464318,0.5012886597999999,0.5761904762000002,0.5099601594
PSTR,34,neon,red,4,5,PSTR45,NS,NS,"rim, side, bottom; top = 0",NS Native,Nearshore,Nearshore coral,0.4226551226666667,0.4,0.45238095240000004,0.4155844156000001
PSTR,36,pink,red,4,4,PSTR44,NS,NS,"rim, bottom, bottom; top = 0",NS Native,Nearshore,Nearshore coral,0.5067460317333334,0.42500000000000004,0.8095238095,0.28571428570000007
PSTR,37,yellow,red,4,2,PSTR42,NS,NS,"side, bottom, rim; top = 0",NS Native,Nearshore,Nearshore coral,0.04231884058,0.08695652174000001,0.04,0
SSID,22,green,red,4,25,SSID425,NS,OS,random,Transplant to NS,Nearshore,Offshore coral,0.6066125182666666,0.6268421053,0.5667485667000001,0.6262468828
SSID,14,neon,red,4,24,SSID424,NS,OS,random,Transplant to NS,Nearshore,Offshore coral,0.5844659582666666,0.514986376,0.6409785933000001,0.5974329054999998
SSID,21,purple,white,5,25,SSID525,NS,OS,random,Transplant to NS,Nearshore,Offshore coral,0.5752038103999999,0.5809620595999999,0.5588131402,0.5858362314
SSID,12,green,na,6,na,na,NS,OS,random,Transplant to NS,Nearshore,Offshore coral,0.5835232161666667,0.6016049702,0.5686106346000002,0.5803540436999999
SSID,18,blue,na,6,na,na,NS,NS,random,NS Native,Nearshore,Nearshore coral,0.40672312116666676,0.38118811880000003,0.4313725490000001,0.4076086957000001
PSTR,13,orange,light blue,1,17,PSTR117,OS,OS,random,OS Native,Offshore,Offshore coral,0.49511191513333336,0.45958083830000007,0.5275142315,0.4982406756
PSTR,12,green,light blue,1,19,PSTR119,OS,OS,random,OS Native,Offshore,Offshore coral,0.5498844940000001,0.5546430828000001,0.5385587863,0.5564516129000001
PSTR,18,blue,white,5,19,PSTR519,OS,OS,random,OS Native,Offshore,Offshore coral,0.5213964889666667,0.649122807,0.45372645370000003,0.46134020620000005
PSTR,20,white,white,5,7,PSTR57,OS,NS,random,Transplant to OS,Offshore,Nearshore coral,0.6902470516666666,0.8064243448999999,0.4982206406,0.7660961694999999
PSTR,17,yellow,orange,3,14,PSTR314,OS,OS,random,OS Native,Offshore,Offshore coral,0.5726226620666667,0.6924643584999999,0.5051724138,0.5202312139
PSTR,16,pink,orange,3,18,PSTR318,OS,OS,random,OS Native,Offshore,Offshore coral,0.5708175405666666,0.5154826957999998,0.5419664269,0.655003499
PSTR,19,black,pink,6,8,PSTR68,OS,NS,random,Transplant to OS,Offshore,Nearshore coral,0.5307073858333333,0.5778236915000001,0.5175879396999998,0.4967105263
SSID,9,black,pink,6,17,SSID617,OS,OS,random,OS Native,Offshore,Offshore coral,0.6007238832333334,0.6726415094,0.5821705426,0.5473595977
SSID,10,white,pink,6,15,SSID615,OS,OS,random,OS Native,Offshore,Offshore coral,0.5644356590333333,0.5727023320000001,0.47619047620000005,0.6444141688999998
SSID,8,blue,pink,6,18,SSID618,OS,OS,random,OS Native,Offshore,Offshore coral,0.4960037806333334,0.49198966410000006,0.4714201532000001,0.5246015246000001
SSID,11,purple,pink,6,14,SSID614,OS,OS,random,OS Native,Offshore,Offshore coral,0.5403740671666667,0.7184223664999999,0.47250400430000006,0.4301958307
PSTR,21,purple,white,5,10,PSTR510,OS,NS,random,Transplant to OS,Offshore,Nearshore coral,0.501311223,0.5790662650999999,0.4063684610000001,0.5184989429
SSID,6,pink,white,5,17,SSID517,OS,OS,random,OS Native,Offshore,Offshore coral,0.6298112641666667,0.7319719209,0.5312298777000001,0.6262319939
SSID,2,green,light blue,1,18,SSID118,OS,OS,random,OS Native,Offshore,Offshore coral,0.5242142769,0.6159355416,0.47790189410000006,0.4788053950000001
PSTR,22,green,light blue,1,10,PSTR110,OS,NS,random,Transplant to OS,Offshore,Nearshore coral,0.5902458354,0.7061224489999999,0.5748571429,0.48975791430000004
PSTR,15,red,orange,3,19,PSTR319,OS,OS,random,OS Native,Offshore,Offshore coral,0.5974368250333334,0.6635802468999998,0.5208446129000002,0.6078856153000001
SSID,4,neon,red,4,18,SSID418,OS,OS,random,OS Native,Offshore,Offshore coral,0.5227358939333334,0.6037358239,0.4260599793000001,0.5384118786000001
SSID,3,orange,light blue,1,19,SSID119,OS,OS,random,OS Native,Offshore,Offshore coral,0.4731350268333333,0.46303030300000003,0.4502398082,0.5061349692999999
SSID,7,yellow,pink,6,19,SSID619,OS,OS,random,OS Native,Offshore,Offshore coral,0.5744780545333333,0.6807909605,0.5349508954000001,0.5076923077
SSID,1,purple,purple,1,17,SSID117,OS,OS,random,OS Native,Offshore,Offshore coral,0.5836518654999999,0.6292803969999999,0.5715068493,0.5501683502
SSID,5,red,white,5,18,SSID518,OS,OS,random,OS Native,Offshore,Offshore coral,0.6014890244,0.6505469199999999,0.5813449024,0.5725752508
