sample_ID,meanabsor,sd,n,se,meanvol,m,b,calc_conc,final_protein_ug,final_protein_mg,Material,ash_free_dry_weight_g,dry_weight_volume_ml,total_volume_ml,total_dry_weight_g,total_dry_weight_mg,protein_mg_mg,treatment,species,transplant_envir,home_envir
PSTR110_1,0.5093333333333333,0.010263202878893778,3,0.005925462944877065,20,989.928,-39.064,465.1393279999999,9302.786559999999,9.30278656,tissue,0.0118,18.8,20,0.012553191489999999,12.55319149,0.741069437792827,Transplant to OS,PSTR,Offshore,Nearshore coral
PSTR117_1,0.4153333333333334,0.004618802153517011,3,0.0026666666666666696,20,989.928,-39.064,372.08609600000005,7441.721920000001,7.441721920000001,tissue,0.0225,18.8,20,0.02393617021,23.93617021,0.3108986046937039,OS Native,PSTR,Offshore,Offshore coral
PSTR14_1,0.48400000000000004,0.034394767043839675,3,0.019857828011475308,20,2247.697,-834.2771,253.60824800000023,5072.164960000005,5.072164960000005,tissue,0.030799999999999998,18.8,20,0.032765957449999994,32.765957449999995,0.15479983967323396,NS Native,PSTR,Nearshore,Nearshore coral
PSTR318_1,0.40900000000000003,0.0034641016151377574,3,0.0020000000000000018,20,989.928,-39.064,365.816552,7316.33104,7.31633104,tissue,0.0063,18.8,20,0.00670212766,6.70212766,1.0916430439941813,OS Native,PSTR,Offshore,Offshore coral
PSTR34_3,0.6713333333333333,0.026501572280401234,3,0.015300689890037978,10,1976.897,-795.9618,531.1950526666667,5311.950526666667,5.311950526666667,tissue,0.0322,8.8,10,0.03659090909,36.59090909,0.1451713187448076,NS Native,PSTR,Nearshore,Nearshore coral
PSTR43_1,0.5266666666666667,0.0384230833397495,3,0.022183577509299803,20,1976.897,-795.9618,245.2039533333334,4904.079066666668,4.904079066666668,tissue,0.0413,18.8,20,0.04393617021000001,43.93617021000001,0.1116182644783747,NS Native,PSTR,Nearshore,Nearshore coral
PSTR510_1,0.44633333333333336,0.005507570547286107,3,0.0031797973380564885,20,1976.897,-795.9618,86.39322766666669,1727.8645533333338,1.7278645533333339,tissue,0.0177,18.8,20,0.018829787229999995,18.829787229999994,0.09176229833231814,Transplant to OS,PSTR,Offshore,Nearshore coral
PSTR519_1,0.4366666666666667,0.010016652800877794,3,0.005783117190965813,15,1976.897,-795.9618,67.28322333333335,1009.2483500000003,1.0092483500000002,tissue,0.022699999999999998,13.8,15,0.024673913040000002,24.673913040000002,0.04090345736259433,OS Native,PSTR,Offshore,Offshore coral
PSTR55_1,0.461,0.012124355652982153,3,0.007000000000000007,14,1976.897,-795.9618,115.38771699999995,1615.4280379999993,1.6154280379999992,tissue,0.020900000000000002,12.8,14,0.022859375,22.859375,0.07066807548325356,NS Native,PSTR,Nearshore,Nearshore coral
PSTR57_1,0.4946666666666667,0.007371114795831979,3,0.004255715111601227,15,1976.897,-795.9618,181.94324933333337,2729.1487400000005,2.7291487400000007,tissue,0.021,13.8,15,0.02282608696,22.826086959999998,0.11956270668654287,Transplant to OS,PSTR,Offshore,Nearshore coral
PSTR625_1,0.5913333333333333,0.00802080627701065,3,0.004630814663149939,14,1976.897,-795.9618,373.0432926666665,5222.6060973333315,5.2226060973333315,tissue,0.0196,12.8,14,0.0214375,21.4375,0.24362010949659854,Transplant to NS,PSTR,Nearshore,Offshore coral
PSTR64_1,0.5436666666666667,0.009609023536933058,3,0.005547772325697751,20,1976.897,-795.9618,278.8112023333333,5576.224046666666,5.576224046666666,tissue,0.02,18.8,20,0.02127659574,21.27659574,0.26208253025099143,NS Native,PSTR,Nearshore,Nearshore coral
PSTR68_1,0.444,0.006928203230275515,3,0.0040000000000000036,20,1976.897,-795.9618,81.78046799999993,1635.6093599999986,1.6356093599999986,tissue,0.0208,18.8,20,0.022127659569999996,22.127659569999995,0.07391696147646395,Transplant to OS,PSTR,Offshore,Nearshore coral
SSID118_1,0.5086666666666667,0.011372481406154664,3,0.00656590520119741,17,2247.697,-834.2771,309.05144066666685,5253.874491333337,5.253874491333336,tissue,0.0245,15.8,17,0.026360759490000003,26.360759490000003,0.19930664339646217,OS Native,SSID,Offshore,Offshore coral
SSID123_1,0.5233333333333333,0.047606022028030624,3,0.027485349632930735,20,2247.697,-834.2771,342.0176633333333,6840.353266666666,6.840353266666666,tissue,0.029099999999999997,18.8,20,0.030957446810000004,30.957446810000004,0.2209598649607327,Transplant to NS,SSID,Nearshore,Offshore coral
SSID15_1,0.43133333333333335,0.018448125469362274,3,0.010651030205780301,18,2247.697,-834.2771,135.22953933333338,2434.131708000001,2.4341317080000007,tissue,0.0116,16.8,18,0.012428571429999999,12.428571429999998,0.19584967763266103,NS Native,SSID,Nearshore,Nearshore coral
SSID418_1,0.42200000000000004,0.014000000000000012,3,0.008082903768654769,14,2247.697,-834.2771,114.25103400000012,1599.5144760000017,1.5995144760000017,tissue,0.012,12.8,14,0.013125,13.125,0.12186776960000013,OS Native,SSID,Offshore,Offshore coral
SSID42_1,0.6406666666666666,0.0362537354397217,3,0.0209311039152528,18,2247.697,-834.2771,605.7474446666665,10903.454003999997,10.903454003999997,tissue,0.0567,16.650000000000002,18,0.0612972973,61.2972973,0.17787821787046387,NS Native,SSID,Nearshore,Nearshore coral
SSID423_1,0.506,0.01670329308849005,3,0.009643650760992946,12.5,2247.697,-834.2771,303.05758200000014,3788.219775000002,3.7882197750000017,tissue,0.0245,11.3,12.5,0.02710176991,27.10176991,0.13977757864449383,Transplant to NS,SSID,Nearshore,Offshore coral
SSID517_1,0.4083333333333334,0.006027713773341714,3,0.0034801021696368537,17,2247.697,-834.2771,83.53250833333345,1420.0526416666687,1.4200526416666688,tissue,0.0122,15.8,17,0.01312658228,13.126582280000001,0.10818144520606081,OS Native,SSID,Offshore,Offshore coral
SSID518_1,0.48233333333333334,0.01871719352182193,3,0.01080637671829821,15,2247.697,-834.2771,249.8620863333333,3747.9312949999994,3.7479312949999994,tissue,0.026900000000000004,13.8,15,0.029239130429999993,29.239130429999992,0.12818203687598517,OS Native,SSID,Offshore,Offshore coral
SSID524_1,0.5486666666666667,0.01594783161854093,3,0.00920748487795543,20,2247.697,-834.2771,398.9593206666668,7979.1864133333365,7.979186413333337,tissue,0.0317,18.8,20,0.03372340426,33.72340426,0.23660678951079703,Transplant to NS,SSID,Nearshore,Offshore coral
SSID54_1,0.5396666666666667,0.024027761721253486,3,0.013872434697789886,20,2247.697,-834.2771,378.7300476666669,7574.600953333338,7.574600953333338,tissue,0.0248,18.8,20,0.026382978720000005,26.382978720000004,0.2871018103650025,NS Native,SSID,Nearshore,Nearshore coral
SSID615_1,0.4183333333333334,0.012096831541082714,3,0.006984108946585661,20,2247.697,-834.2771,106.0094783333335,2120.18956666667,2.12018956666667,tissue,0.0177,18.8,20,0.018829787229999995,18.829787229999994,0.11259763802794019,OS Native,SSID,Offshore,Offshore coral
SSID617_1,0.38666666666666666,0.011590225767142484,3,0.006691619966628251,18,2247.697,-834.2771,34.83240666666666,626.9833199999998,0.6269833199999998,tissue,0.0145,16.8,18,0.015535714289999999,15.53571429,0.04035754702334963,OS Native,SSID,Offshore,Offshore coral
SSID624_1,0.5646666666666668,0.0037859388972001857,3,0.0021858128414340024,20,989.928,-39.064,519.9153440000001,10398.306880000002,10.398306880000002,tissue,0.0134,18.8,20,0.014255319150000001,14.255319150000002,0.7294334676470572,Transplant to NS,SSID,Nearshore,Offshore coral
SSIDF18_1,0.41900000000000004,0.02088061301782112,3,0.012055427546683428,19,2247.697,-834.2771,107.50794300000007,2042.6509170000013,2.0426509170000013,tissue,0.011399999999999999,17.8,19,0.01216853933,12.16853933,0.16786327936370332,NS Native,SSID,Nearshore,Nearshore coral
SSIDF3_1,0.5333333333333333,0.02821937868439585,3,0.016292465879799933,16,2247.697,-834.2771,364.49463333333347,5831.9141333333355,5.831914133333336,tissue,0.0258,14.8,16,0.02789189189,27.89189189,0.2090899447170249,NS Native,SSID,Nearshore,Nearshore coral
