date,plate_number,row,column,carb_source,sample_ID,replicate,absorbance_485,concentration_mg_ml
11/16,4,A,1,standard,DG_B,1,0.254,0
11/16,4,A,2,standard,DG_B,2,0.256,0
11/16,4,A,3,standard,DG_B,3,0.251,0
11/16,4,B,1,standard,DG_1,1,0.265,0.00901
11/16,4,B,2,standard,DG_1,2,0.272,0.00901
11/16,4,B,3,standard,DG_1,3,0.258,0.00901
11/16,4,C,1,standard,DG_2,1,0.258,0.01802
11/16,4,C,2,standard,DG_2,2,0.262,0.01802
11/16,4,C,3,standard,DG_2,3,0.261,0.01802
11/16,4,D,1,standard,DG_3,1,0.278,0.02703
11/16,4,D,2,standard,DG_3,2,0.284,0.02703
11/16,4,D,3,standard,DG_3,3,0.282,0.02703
11/16,4,E,1,standard,DG_4,1,0.278,0.03604
11/16,4,E,2,standard,DG_4,2,0.292,0.03604
11/16,4,E,3,standard,DG_4,3,0.29,0.03604
11/16,4,F,1,standard,DG_5,1,0.297,0.05406
11/16,4,F,2,standard,DG_5,2,0.313,0.05406
11/16,4,F,3,standard,DG_5,3,0.312,0.05406
11/16,4,G,1,standard,DG_6,1,0.349,0.0901
11/16,4,G,2,standard,DG_6,2,0.334,0.0901
11/16,4,G,3,standard,DG_6,3,0.344,0.0901
11/16,4,H,1,standard,DG_7,1,0.435,0.1802
11/16,4,H,2,standard,DG_7,2,0.427,0.1802
11/16,4,H,3,standard,DG_7,3,0.414,0.1802
11/16,4,A,4,standard,DG_8,1,0.639,0.3604
11/16,4,A,5,standard,DG_8,2,0.679,0.3604
11/16,4,A,6,standard,DG_8,3,0.668,0.3604
11/16,4,B,4,standard,DG_9,1,1.297,0.901
11/16,4,B,5,standard,DG_9,2,1.256,0.901
11/16,4,B,6,standard,DG_9,3,1.302,0.901
11/16,4,C,4,sample,SSIDF3_1,1,0.616,
11/16,4,C,5,sample,SSIDF3_1,2,0.668,
11/16,4,C,6,sample,SSIDF3_1,3,0.656,
11/16,4,D,4,sample,SSIDF18_1,1,0.44,
11/16,4,D,5,sample,SSIDF18_1,2,0.422,
11/16,4,D,6,sample,SSIDF18_1,3,0.455,
11/16,4,E,4,sample,SSIDF20_3,1,1.167,
11/16,4,E,5,sample,SSIDF20_3,2,1.247,
11/16,4,E,6,sample,SSIDF20_3,3,1.301,
11/16,4,F,4,sample,SSIDS5_1,1,0.935,
11/16,4,F,5,sample,SSIDS5_1,2,0.893,
11/16,4,F,6,sample,SSIDS5_1,3,0.925,
11/16,4,G,4,sample,SSIDS23_1,1,0.866,
11/16,4,G,5,sample,SSIDS23_1,2,0.909,
11/16,4,G,6,sample,SSIDS23_1,3,0.898,
11/16,4,H,4,sample,SSID118_1,1,0.86,
11/16,4,H,5,sample,SSID118_1,2,0.86,
11/16,4,H,6,sample,SSID118_1,3,0.905,
11/16,4,A,7,sample,SSID123_1,1,0.612,
11/16,4,A,8,sample,SSID123_1,2,0.634,
11/16,4,A,9,sample,SSID123_1,3,0.627,
11/16,4,B,7,sample,SSID15_1,1,0.407,
11/16,4,B,8,sample,SSID15_1,2,0.436,
11/16,4,B,9,sample,SSID15_1,3,0.438,
11/16,4,C,7,sample,SSID418_1,1,0.609,
11/16,4,C,8,sample,SSID418_1,2,0.606,
11/16,4,C,9,sample,SSID418_1,3,0.63,
11/16,4,D,7,sample,SSID42_1,1,1.426,
11/16,4,D,8,sample,SSID42_1,2,1.54,
11/16,4,D,9,sample,SSID42_1,3,1.536,
11/16,4,E,7,sample,SSID423_1,1,1.151,
11/16,4,E,8,sample,SSID423_1,2,1.182,
11/16,4,E,9,sample,SSID423_1,3,1.276,
11/16,4,F,7,sample,SSID517_1,1,0.465,
11/16,4,F,8,sample,SSID517_1,2,0.482,
11/16,4,F,9,sample,SSID517_1,3,0.504,
11/16,4,G,7,sample,SSID518_1,1,1.075,
11/16,4,G,8,sample,SSID518_1,2,1.153,
11/16,4,G,9,sample,SSID518_1,3,1.177,
11/16,4,H,7,sample,SSID524_1,1,0.288,
11/16,4,H,8,sample,SSID524_1,2,0.28,
11/16,4,H,9,sample,SSID524_1,3,0.295,
11/16,4,A,10,sample,SSID54_1,1,0.561,
11/16,4,A,11,sample,SSID54_1,2,0.582,
11/16,4,A,12,sample,SSID54_1,3,0.579,
11/16,4,B,10,sample,SSID615_1,1,0.673,
11/16,4,B,11,sample,SSID615_1,2,0.693,
11/16,4,B,12,sample,SSID615_1,3,0.711,
11/16,4,C,10,sample,SSID617_1,1,0.476,
11/16,4,C,11,sample,SSID617_1,2,0.515,
11/16,4,C,12,sample,SSID617_1,3,0.447,
11/16,4,D,10,sample,SSID624_1,1,0.461,
11/16,4,D,11,sample,SSID624_1,2,0.489,
11/16,4,D,12,sample,SSID624_1,3,0.482,
11/16,4,E,10,sample,PSTRF30_1,1,0.67,
11/16,4,E,11,sample,PSTRF30_1,2,0.673,
11/16,4,E,12,sample,PSTRF30_1,3,0.697,
11/16,4,F,10,sample,PSTRF46_1,1,0.458,
11/16,4,F,11,sample,PSTRF46_1,2,0.452,
11/16,4,F,12,sample,PSTRF46_1,3,0.433,
11/16,4,G,10,sample,PSTRS14_1,1,0.357,
11/16,4,G,11,sample,PSTRS14_1,2,0.333,
11/16,4,G,12,sample,PSTRS14_1,3,0.341,
11/16,4,H,10,sample,PSTR110_1,1,0.322,
11/16,4,H,11,sample,PSTR110_1,2,0.311,
11/16,4,H,12,sample,PSTR110_1,3,0.326,
11/16,5,A,1,standard,DG_B,1,0.259,0
11/16,5,A,2,standard,DG_B,2,0.245,0
11/16,5,A,3,standard,DG_B,3,0.242,0
11/16,5,B,1,standard,DG_1,1,0.269,0.00901
11/16,5,B,2,standard,DG_1,2,0.266,0.00901
11/16,5,B,3,standard,DG_1,3,0.265,0.00901
11/16,5,C,1,standard,DG_2,1,0.255,0.01802
11/16,5,C,2,standard,DG_2,2,0.268,0.01802
11/16,5,C,3,standard,DG_2,3,0.261,0.01802
11/16,5,D,1,standard,DG_3,1,0.27,0.02703
11/16,5,D,2,standard,DG_3,2,0.279,0.02703
11/16,5,D,3,standard,DG_3,3,0.286,0.02703
11/16,5,E,1,standard,DG_4,1,0.277,0.03604
11/16,5,E,2,standard,DG_4,2,0.28,0.03604
11/16,5,E,3,standard,DG_4,3,0.29,0.03604
11/16,5,F,1,standard,DG_5,1,0.303,0.05406
11/16,5,F,2,standard,DG_5,2,0.312,0.05406
11/16,5,F,3,standard,DG_5,3,0.303,0.05406
11/16,5,G,1,standard,DG_6,1,0.351,0.0901
11/16,5,G,2,standard,DG_6,2,0.343,0.0901
11/16,5,G,3,standard,DG_6,3,0.342,0.0901
11/16,5,H,1,standard,DG_7,1,0.42,0.1802
11/16,5,H,2,standard,DG_7,2,0.423,0.1802
11/16,5,H,3,standard,DG_7,3,0.425,0.1802
11/16,5,A,4,standard,DG_8,1,0.671,0.3604
11/16,5,A,5,standard,DG_8,2,0.661,0.3604
11/16,5,A,6,standard,DG_8,3,0.634,0.3604
11/16,5,B,4,standard,DG_9,1,1.357,0.901
11/16,5,B,5,standard,DG_9,2,1.383,0.901
11/16,5,B,6,standard,DG_9,3,1.347,0.901
11/16,5,C,4,sample,PSTR117_1,1,0.503,
11/16,5,C,5,sample,PSTR117_1,2,0.517,
11/16,5,C,6,sample,PSTR117_1,3,0.518,
11/16,5,D,4,sample,PSTR14_1,1,0.364,
11/16,5,D,5,sample,PSTR14_1,2,0.343,
11/16,5,D,6,sample,PSTR14_1,3,0.37,
11/16,5,E,4,sample,PSTR318_1,1,0.345,
11/16,5,E,5,sample,PSTR318_1,2,0.342,
11/16,5,E,6,sample,PSTR318_1,3,0.342,
11/16,5,F,4,sample,PSTR34_3,1,0.562,
11/16,5,F,5,sample,PSTR34_3,2,0.576,
11/16,5,F,6,sample,PSTR34_3,3,0.58,
11/16,5,G,4,sample,PSTR43_1,1,0.403,
11/16,5,G,5,sample,PSTR43_1,2,0.426,
11/16,5,G,6,sample,PSTR43_1,3,0.415,
11/16,5,H,4,sample,PSTR510_1,1,0.377,
11/16,5,H,5,sample,PSTR510_1,2,0.385,
11/16,5,H,6,sample,PSTR510_1,3,0.387,
11/16,5,A,7,sample,PSTR519_1,1,0.539,
11/16,5,A,8,sample,PSTR519_1,2,0.562,
11/16,5,A,9,sample,PSTR519_1,3,0.567,
11/16,5,B,7,sample,PSTR55_1,1,0.38,
11/16,5,B,8,sample,PSTR55_1,2,0.385,
11/16,5,B,9,sample,PSTR55_1,3,0.397,
11/16,5,C,7,sample,PSTR57_1,1,0.487,
11/16,5,C,8,sample,PSTR57_1,2,0.456,
11/16,5,C,9,sample,PSTR57_1,3,0.507,
11/16,5,D,7,sample,PSTR625_1,1,0.369,
11/16,5,D,8,sample,PSTR625_1,2,0.393,
11/16,5,D,9,sample,PSTR625_1,3,0.391,
11/16,5,E,7,sample,PSTR64_1,1,0.344,
11/16,5,E,8,sample,PSTR64_1,2,0.364,
11/16,5,E,9,sample,PSTR64_1,3,0.364,
11/16,5,F,7,sample,PSTR68_1,1,0.314,
11/16,5,F,8,sample,PSTR68_1,2,0.317,
11/16,5,F,9,sample,PSTR68_1,3,0.322,