plate_number,row,column,lipid_source,sample_ID,replicate,blank_correction_absorbance_540,concentration_mg_ml
1,A,1,standard,Std 1,1,0.712,1.5
1,A,2,standard,Std 1,2,0.853,1.5
1,A,3,standard,Std 1,3,0.912,1.5
1,B,1,standard,Std 2,1,0.489,0.75
1,B,2,standard,Std 2,2,0.581,0.75
1,B,3,standard,Std 2,3,0.35,0.75
1,C,1,standard,Std 3,1,0.125,0.375
1,C,2,standard,Std 3,2,0.213,0.375
1,C,3,standard,Std 3,3,0.165,0.375
1,D,1,standard,Std 4,1,0.132,0.188
1,D,2,standard,Std 4,2,0.134,0.188
1,D,3,standard,Std 4,3,0.154,0.188
1,E,1,standard,Std 5,1,0.083,0.094
1,E,2,standard,Std 5,2,0.071,0.094
1,E,3,standard,Std 5,3,0.105,0.094
1,F,1,standard,Std 6,1,0.056,0.047
1,F,2,standard,Std 6,2,0.046,0.047
1,F,3,standard,Std 6,3,0.04,0.047
1,G,1,standard,Std 7,1,0.029,0
1,G,2,standard,Std 7,2,0.016,0
1,G,3,standard,Std 7,3,0.023,0
1,H,1,standard,Std 8,1,0.003,0
1,H,2,standard,Std 8,2,0.004,0
1,H,3,standard,Std 8,3,0.002,0
1,A,4,sample,SSIDF3_1,1,0.022,
1,A,5,sample,SSIDF3_1,2,0.025,
1,A,6,sample,SSIDF3_1,3,0.0226,
1,B,4,sample,SSIDF18_1,1,0.047,
1,B,5,sample,SSIDF18_1,2,0.073,
1,B,6,sample,SSIDF18_1,3,0.06,
1,C,4,sample,SSIDS5_1,1,0.03,
1,C,5,sample,SSIDS5_1,2,0.042,
1,C,6,sample,SSIDS5_1,3,0.029,
1,D,4,sample,SSIDS23_1,1,0.024,
1,D,5,sample,SSIDS23_1,2,0.034,
1,D,6,sample,SSIDS23_1,3,0.045,
1,E,4,sample,SSID118_1,1,0.053,
1,E,5,sample,SSID118_1,2,0.05,
1,E,6,sample,SSID118_1,3,0.069,
1,F,4,sample,SSID123_1,1,0.018,
1,F,5,sample,SSID123_1,2,0.025,
1,F,6,sample,SSID123_1,3,0.012,
1,G,4,sample,PSTRF30_1,1,0.045,
1,G,5,sample,PSTRF30_1,2,0.034,
1,G,6,sample,PSTRF30_1,3,0.017,
1,H,4,sample,PSTRF46_1,1,0.026,
1,H,5,sample,PSTRF46_1,2,0.03,
1,H,6,sample,PSTRF46_1,3,0.094,
1,A,7,sample,PSTRS14_1,1,0.036,
1,A,8,sample,PSTRS14_1,2,0.033,
1,A,9,sample,PSTRS14_1,3,0.038,
1,B,7,sample,PSTR110_1,1,0.032,
1,B,8,sample,PSTR110_1,2,0.036,
1,B,9,sample,PSTR110_1,3,0.033,
1,C,7,sample,PSTR117_1,1,0.032,
1,C,8,sample,PSTR117_1,2,0.03,
1,C,9,sample,PSTR117_1,3,0.028,
1,D,7,sample,PSTR14_1,1,0.031,
1,D,8,sample,PSTR14_1,2,0.031,
1,D,9,sample,PSTR14_1,3,0.004,
2,A,1,standard,Std 1,1,0.896,1.5
2,A,2,standard,Std 1,2,1.029,1.5
2,A,3,standard,Std 1,3,1.142,1.5
2,B,1,standard,Std 2,1,0.368,0.75
2,B,2,standard,Std 2,2,0.872,0.75
2,B,3,standard,Std 2,3,0.623,0.75
2,C,1,standard,Std 3,1,0.208,0.375
2,C,2,standard,Std 3,2,0.248,0.375
2,C,3,standard,Std 3,3,0.279,0.375
2,D,1,standard,Std 4,1,0.086,0.188
2,D,2,standard,Std 4,2,0.11,0.188
2,D,3,standard,Std 4,3,0.111,0.188
2,E,1,standard,Std 5,1,0.036,0.094
2,E,2,standard,Std 5,2,0.047,0.094
2,E,3,standard,Std 5,3,0.086,0.094
2,F,1,standard,Std 6,1,0.027,0.047
2,F,2,standard,Std 6,2,0.025,0.047
2,F,3,standard,Std 6,3,0.055,0.047
2,G,1,standard,Std 7,1,0.03,0
2,G,2,standard,Std 7,2,0.028,0
2,G,3,standard,Std 7,3,0.034,0
2,H,1,standard,Std 8,1,0.026,0
2,H,2,standard,Std 8,2,0.031,0
2,H,3,standard,Std 8,3,0.027,0
2,A,4,sample,SSID15_1,1,0.01,
2,A,5,sample,SSID15_1,2,0.031,
2,A,6,sample,SSID15_1,3,0.03,
2,B,4,sample,SSID418_1,1,0.016,
2,B,5,sample,SSID418_1,2,0.047,
2,B,6,sample,SSID418_1,3,0.028,
2,C,4,sample,SSID42_1,1,0.013,
2,C,5,sample,SSID42_1,2,0.014,
2,C,6,sample,SSID42_1,3,0.032,
2,D,4,sample,SSID423_1,1,0.029,
2,D,5,sample,SSID423_1,2,0.045,
2,D,6,sample,SSID423_1,3,0.027,
2,E,4,sample,SSID517_1,1,0.063,
2,E,5,sample,SSID517_1,2,0.045,
2,E,6,sample,SSID517_1,3,0,
2,F,4,sample,SSID518_1,1,0.04,
2,F,5,sample,SSID518_1,2,0.047,
2,F,6,sample,SSID518_1,3,0.021,
2,G,4,sample,SSID524_1,1,0.031,
2,G,5,sample,SSID524_1,2,0.025,
2,G,6,sample,SSID524_1,3,0.032,
2,H,4,sample,SSID54_1,1,0.024,
2,H,5,sample,SSID54_1,2,-0.001,
2,H,6,sample,SSID54_1,3,0.05,
2,A,7,sample,SSID615_1,1,0.039,
2,A,8,sample,SSID615_1,2,0.028,
2,A,9,sample,SSID615_1,3,0.031,
2,B,7,sample,SSID617_1,1,0.008,
2,B,8,sample,SSID617_1,2,0.017,
2,B,9,sample,SSID617_1,3,0.004,
2,C,7,sample,SSID624_1,1,-0.005,
2,C,8,sample,SSID624_1,2,0.003,
2,C,9,sample,SSID624_1,3,0.034,
2,D,7,sample,SSIDF20_3,1,0.028,
2,D,8,sample,SSIDF20_3,2,0.018,
2,D,9,sample,SSIDF20_3,3,0.078,
2,E,7,sample,PSTR318_1,1,0.038,
2,E,8,sample,PSTR318_1,2,0.001,
2,E,9,sample,PSTR318_1,3,0.021,
2,F,7,sample,PSTR34_3,1,0.045,
2,F,8,sample,PSTR34_3,2,-0.02,
2,F,9,sample,PSTR34_3,3,0.03,
2,G,7,sample,PSTR43_1,1,0.019,
2,G,8,sample,PSTR43_1,2,0.033,
2,G,9,sample,PSTR43_1,3,0.036,
2,H,7,sample,PSTR510_1,1,0.019,
2,H,8,sample,PSTR510_1,2,0.06,
2,H,9,sample,PSTR510_1,3,0.016,
2,A,10,sample,PSTR519_1,1,0.012,
2,A,11,sample,PSTR519_1,2,0.019,
2,A,12,sample,PSTR519_1,3,0.033,
2,B,10,sample,PSTR55_1,1,0.028,
2,B,11,sample,PSTR55_1,2,0.025,
2,B,12,sample,PSTR55_1,3,0.003,
2,C,10,sample,PSTR57_1,1,0.025,
2,C,11,sample,PSTR57_1,2,0.055,
2,C,12,sample,PSTR57_1,3,0.05,
2,D,10,sample,PSTR625_1,1,0.057,
2,D,11,sample,PSTR625_1,2,0.065,
2,D,12,sample,PSTR625_1,3,0.073,
2,E,10,sample,PSTR64_1,1,0.032,
2,E,11,sample,PSTR64_1,2,0.062,
2,E,12,sample,PSTR64_1,3,0.052,
2,F,10,sample,PSTR68_1,1,0.011,
2,F,11,sample,PSTR68_1,2,0.042,
2,F,12,sample,PSTR68_1,3,0.034,