species,flag_ID,flag_color,tag_color,colony_ID,fragment_num,species_code,Transplant_site,Collection_site,Fo_1,Fm_1,Fv_1,FvFm1,Fo_2,Fm_2,Fv_2,FvFm2,Fo_3,Fm_3,Fv_3,FvFm3,PAM_position_sequence
standard 8/7,na,na,na,na,na,na,na,na,na,na,na,na,na,na,na,na,na,na,na,na,na
SSID,1,purple,lightblue,1,4,SSID14,NS,NS,280,549,269,0.4899817851,513,1086,573,0.5276243094,502,1114,612,0.5493716338,random
SSID,2,green,lightblue,1,5,SSID15,NS,NS,137,261,124,0.4750957854,31,72,41,0.5694444444,55,167,112,0.6706586826,random
SSID,3,orange,green,2,na,na,NS,na,1061,2972,1911,0.6430013459,1169,2882,1713,0.5943789035,1254,2507,1253,0.4998005584,random
SSID,4,neon,orange,3,4,SSID24,NS,NS,195,403,208,0.5161290323,146,325,179,0.5507692308,229,638,409,0.6410658307,random
SSID,5,red,orange,3,6,SSID36,NS,NS,360,727,367,0.5048143054,668,1491,823,0.5519785379,595,1396,801,0.573782235,random
SSID,6,pink,red,4,2,SSID42,NS,NS,650,1567,917,0.5851946394,739,1701,962,0.5655496767,881,1719,838,0.4874927283,random
SSID,7,yellow,green,2,na,na,NS,na,937,2103,1166,0.5544460295,941,1965,1024,0.5211195929,672,1846,1174,0.6359696641,random
SSID,8,blue,green,2,na,na,NS,na,543,1258,715,0.5683624801,443,966,523,0.5414078675,623,1333,710,0.5326331583,random
SSID,9,black,white,5,5,SSID55,NS,NS,1098,2702,1604,0.5936343449,496,1162,666,0.5731497418,503,1280,777,0.60703125,random
SSID,10,white,white,5,4,SSID54,NS,NS,580,2184,1604,0.7344322344,88,193,105,0.5440414508,285,620,335,0.5403225806,random
standard 8/8,na,na,na,na,na,na,na,na,na,na,na,na,na,na,na,na,na,na,na,na,na
SSID,13,orange,pink,6,23,SSID623,NS,OS,839,2858,2019,0.7064380686,1306,3043,1737,0.5708182714,1020,2928,1908,0.6516393443,random
SSID,20,white,green,2,na,na,NS,na,791,2349,1558,0.6632609621,1171,2814,1643,0.5838663824,648,1257,609,0.4844868735,random
SSID,24,neon,light blue,1,25,SSID125,NS,OS,973,2248,1275,0.5671708185,848,2083,1235,0.5928948632,467,1080,613,0.5675925926,random
SSID,16,pink,light blue,1,23,SSID123,NS,OS,895,2076,1181,0.5688824663,874,2106,1232,0.5849952517,920,2117,1197,0.5654227681,random
SSID,15,red,pink,6,24,SSID624,NS,OS,708,1724,1016,0.5893271462,593,1261,668,0.5297383029,1271,2695,1424,0.5283858998,random
SSID,17,yellow,white,5,24,SSID524,NS,OS,1002,2073,1071,0.516642547,699,1581,882,0.5578747628,929,2200,1271,0.5777272727,random
SSID,11,purple,red,4,23,SSID423,NS,OS,796,1815,1019,0.5614325069,1236,2658,1422,0.5349887133,1039,2592,1553,0.5991512346,random
PSTR,39,black,white,5,5,PSTR55,NS,NS,256,494,238,0.4817813765,127,253,126,0.4980237154,214,392,178,0.4540816327,random
PSTR,32,green,orange,3,5,PSTR35,NS,NS,127,229,102,0.4454148472,123,223,100,0.4484304933,664,1344,680,0.505952381,"top, top, bottom"
PSTR,35,red,red,4,3,PSTR43,NS,NS,71,140,69,0.4928571429,79,141,62,0.4397163121,383,863,480,0.5561993048,top = 0
PSTR,33,orange,orange,3,4,PSTR34,NS,NS,171,382,211,0.5523560209,144,187,43,0.2299465241,239,452,213,0.4712389381,"rim, side, bottom"
PSTR,28,blue,green,2,na,na,NS,na,177,323,146,0.4520123839,128,209,81,0.3875598086,71,138,67,0.4855072464,"rim, bottom, rim; top = 0"
PSTR,31,purple,orange,3,6,PSTR36,NS,NS,216,464,248,0.5344827586,316,716,400,0.5586592179,74,158,84,0.5316455696,"rim, bottom, rim"
PSTR,29,black,green,2,5,PSTR25,NS,NS,54,91,37,0.4065934066,48,87,39,0.4482758621,127,251,124,0.4940239044,"rim, rim, bottom"
PSTR,27,yellow,light blue,1,4,PSTR14,NS,NS,132,241,109,0.4522821577,122,222,100,0.4504504505,449,862,413,0.4791183295,"rim, bottom, bottom"
PSTR,25,red,light blue,1,6,PSTR16,NS,NS,38,55,17,0.3090909091,95,153,58,0.3790849673,193,407,214,0.5257985258,"rim, bottom, bottom"
PSTR,26,pink,light blue,1,5,PSTR15,NS,NS,110,218,108,0.495412844,159,291,132,0.4536082474,371,692,321,0.4638728324,"rim, bottom, bottom"
PSTR,30,white,green,2,na,na,NS,na,58,116,58,0.5,262,528,266,0.5037878788,139,277,138,0.4981949458,"rim, bottom, bottom"
standard 8/8,na,na,na,na,na,na,na,na,na,na,na,na,na,na,na,na,na,na,na,na,na
PSTR,43,orange,pink,6,4,PSTR64,NS,NS,124,207,83,0.4009661836,202,339,137,0.4041297935,286,507,221,0.4358974359,"rim, side, bottom"
PSTR,46,pink,green,2,na,na,NS,na,777,1665,888,0.5333333333,648,1601,953,0.5952529669,644,1434,790,0.5509065551,"top, rim, top"
PSTR,42,green,pink,6,5,PSTR65,NS,NS,433,826,393,0.4757869249,209,348,139,0.3994252874,309,643,334,0.5194401244,"top, rim, side"
PSTR,38,blue,white,5,6,PSTR56,NS,NS,118,217,99,0.4562211982,145,268,123,0.4589552239,63,147,84,0.5714285714,"rim, bottom, rim"
PSTR,47,yellow,pink,6,25,PSTR625,NS,OS,30,56,26,0.4642857143,153,232,79,0.3405172414,460,778,318,0.4087403599,"top, rim, bottom"
PSTR,41,purple,pink,6,6,PSTR66,NS,NS,31,65,34,0.5230769231,57,100,43,0.43,195,335,140,0.4179104478,"top, rim, bottom"
PSTR,40,white,white,5,4,PSTR54,NS,NS,387,776,389,0.5012886598,89,210,121,0.5761904762,369,753,384,0.5099601594,"rim, top, bottom"
PSTR,34,neon,red,4,5,PSTR45,NS,NS,99,165,66,0.4,46,84,38,0.4523809524,90,154,64,0.4155844156,"rim, side, bottom; top = 0"
PSTR,36,pink,red,4,4,PSTR44,NS,NS,46,80,34,0.425,108,567,459,0.8095238095,140,196,56,0.2857142857,"rim, bottom, bottom; top = 0"
PSTR,37,yellow,red,4,2,PSTR42,NS,NS,21,23,2,0.08695652174,24,25,1,0.04,183,183,0,0,"side, bottom, rim; top = 0"
standard 1 8/9,na,na,na,na,na,na,na,na,na,na,na,na,na,na,na,na,na,na,na,na,na
SSID,22,green,red,4,25,SSID425,NS,OS,709,1900,1191,0.6268421053,1058,2442,1384,0.5667485667,1199,3208,2009,0.6262468828,random
SSID,14,neon,red,4,24,SSID424,NS,OS,1424,2936,1512,0.514986376,1174,3270,2096,0.6409785933,1035,2571,1536,0.5974329055,random
SSID,23,orange,green,na,na,na,NS,na,881,2081,1200,0.5766458433,1064,2615,1551,0.5931166348,996,2067,1071,0.5181422351,random
SSID,21,purple,white,5,25,SSID525,NS,OS,1237,2952,1715,0.5809620596,1249,2831,1582,0.5588131402,1310,3163,1853,0.5858362314,random
standard 2 8/9,na,na,na,na,na,na,na,na,na,na,na,na,na,na,na,na,na,na,na,na,na
SSID,19,black,na,na,na,na,NS,na,1169,2212,1043,0.4715189873,969,1762,793,0.4500567537,1066,1955,889,0.4547314578,random
SSID,12,green,na,na,na,na,NS,na,1539,3863,2324,0.6016049702,1509,3498,1989,0.5686106346,1209,2881,1672,0.5803540437,random
SSID,18,blue,na,na,na,na,NS,na,625,1010,385,0.3811881188,174,306,132,0.431372549,109,184,75,0.4076086957,random
outside standard 8/10,na,na,na,na,na,na,na,na,na,na,na,na,na,na,na,na,na,na,na,na,na
PSTR,13,orange,light blue,1,17,PSTR117,OS,OS,361,668,307,0.4595808383,498,1054,556,0.5275142315,713,1421,708,0.4982406756,random
PSTR,14,neon,green,2,na,na,OS,na,494,1040,546,0.525,548,1174,626,0.5332197615,647,1468,821,0.5592643052,random
PSTR,12,green,light blue,1,19,PSTR119,OS,OS,705,1583,878,0.5546430828,730,1582,852,0.5385587863,660,1488,828,0.5564516129,random
PSTR,18,blue,white,5,19,PSTR519,OS,OS,520,1482,962,0.649122807,667,1221,554,0.4537264537,418,776,358,0.4613402062,random
PSTR,20,white,white,5,7,PSTR57,OS,NS,458,2366,1908,0.8064243449,564,1124,560,0.4982206406,287,1227,940,0.7660961695,random
PSTR,17,yellow,orange,3,14,PSTR314,OS,OS,453,1473,1020,0.6924643585,861,1740,879,0.5051724138,581,1211,630,0.5202312139,random
PSTR,16,pink,orange,3,18,PSTR318,OS,OS,532,1098,566,0.5154826958,573,1251,678,0.5419664269,493,1429,936,0.655003499,random
PSTR,19,black,pink,6,8,PSTR68,OS,NS,613,1452,839,0.5778236915,672,1393,721,0.5175879397,765,1520,755,0.4967105263,random
SSID,9,black,pink,6,17,SSID617,OS,OS,347,1060,713,0.6726415094,539,1290,751,0.5821705426,540,1193,653,0.5473595977,random
SSID,10,white,pink,6,15,SSID615,OS,OS,623,1458,835,0.572702332,847,1617,770,0.4761904762,522,1468,946,0.6444141689,random
SSID,8,blue,pink,6,18,SSID618,OS,OS,983,1935,952,0.4919896641,897,1697,800,0.4714201532,686,1443,757,0.5246015246,random
SSID,11,purple,pink,6,14,SSID614,OS,OS,564,2003,1439,0.7184223665,988,1873,885,0.4725040043,902,1583,681,0.4301958307,random
PSTR,21,purple,white,5,10,PSTR510,OS,NS,559,1328,769,0.5790662651,783,1319,536,0.406368461,911,1892,981,0.5184989429,random
SSID,6,pink,white,5,17,SSID517,OS,OS,420,1567,1147,0.7319719209,728,1553,825,0.5312298777,493,1319,826,0.6262319939,random
SSID,2,green,light blue,1,18,SSID118,OS,OS,858,2234,1376,0.6159355416,1075,2059,984,0.4779018941,1082,2076,994,0.478805395,random
inside standard 1 8/10,na,na,na,na,na,na,na,na,na,na,na,na,na,na,na,na,na,na,na,na,na
PSTR,22,green,light blue,1,10,PSTR110,OS,NS,360,1225,865,0.706122449,744,1750,1006,0.5748571429,548,1074,526,0.4897579143,random
PSTR,15,red,orange,3,19,PSTR319,OS,OS,545,1620,1075,0.6635802469,885,1847,962,0.5208446129,905,2308,1403,0.6078856153,random
SSID,4,neon,red,4,18,SSID418,OS,OS,594,1499,905,0.6037358239,555,967,412,0.4260599793,715,1549,834,0.5384118786,random
inside standard 2 8/10,na,na,na,na,na,na,na,na,na,na,na,na,na,na,na,na,na,na,na,na,na
SSID,3,orange,light blue,1,19,SSID119,OS,OS,886,1650,764,0.463030303,917,1668,751,0.4502398082,805,1630,825,0.5061349693,random
SSID,7,yellow,pink,6,19,SSID619,OS,OS,452,1416,964,0.6807909605,805,1731,926,0.5349508954,640,1300,660,0.5076923077,random
SSID,1,purple,purple,1,17,SSID117,OS,OS,747,2015,1268,0.629280397,782,1825,1043,0.5715068493,668,1485,817,0.5501683502,random
SSID,23,orange,na,na,na,na,OS,na,531,1475,944,0.64,565,1291,726,0.5623547637,610,1263,653,0.5170229612,random
SSID,5,red,white,5,18,SSID518,OS,OS,607,1737,1130,0.65054692,772,1844,1072,0.5813449024,639,1495,856,0.5725752508,random